Name,Age,#days,Lev,Tm,G,GS,W,L,SV,IP,H,R,ER,BB,SO,HR,HBP,ERA,AB,2B,3B,IBB,GDP,SF,SB,CS,PO,BF,Pit,Str,StL,StS,GB/FB,LD,PU,WHIP,BAbip,SO9,k_bb_ratio,mlbID,season
Cory Abbott,25,1716,Maj-NL,Chicago,7,1,,,,17.1,20,15,13,11,12,7,0,6.75,70,4,0,0,0,0,3,0,0,82,352,0.58,0.13,0.08,0.38,0.2,0.1,1.788,0.255,6.2,1.09,676265,2021
Joan Adon,22,1714,Maj-NL,Washington,1,1,,,,5.1,6,2,2,3,9,1,1,3.38,20,0,0,0,1,0,0,0,0,24,94,0.61,0.22,0.13,0.73,0.18,0.0,1.688,0.5,15.2,3.0,672851,2021
Keegan Akin,26,1725,Maj-AL,Baltimore,24,17,2.0,10.0,,95.0,110,70,70,40,82,17,2,6.63,379,21,2,1,7,5,0,2,1,427,1768,0.65,0.16,0.1,0.37,0.22,0.08,1.579,0.326,7.8,2.05,669211,2021
Andrew Albers,35,1732,Maj-AL,Minnesota,5,3,1.0,2.0,,19.0,24,16,16,9,12,9,1,7.58,79,3,1,1,1,0,0,0,0,89,365,0.62,0.19,0.04,0.34,0.33,0.12,1.737,0.259,5.7,1.33,452027,2021
Sandy Alcantara,25,1716,Maj-NL,Miami,33,33,9.0,15.0,,205.2,171,85,73,50,201,21,10,3.19,768,40,3,2,17,3,13,5,1,837,3095,0.68,0.15,0.13,0.54,0.21,0.04,1.075,0.273,8.8,4.02,645261,2021
Tyler Alexander,26,1714,Maj-AL,Detroit,41,15,2.0,4.0,,106.1,106,47,45,28,87,16,4,3.81,415,20,2,0,9,4,2,0,0,451,1640,0.67,0.17,0.08,0.39,0.22,0.09,1.26,0.285,7.4,3.11,641302,2021
A.J. Alexy,23,1719,Maj-AL,Texas,5,4,3.0,1.0,,23.0,13,12,12,17,17,4,1,4.7,78,2,0,0,1,1,0,0,1,97,424,0.58,0.14,0.09,0.27,0.27,0.13,1.304,0.155,6.7,1.0,669935,2021
Kolby Allard,23,1716,Maj-AL,Texas,32,17,3.0,12.0,,124.2,128,80,75,31,104,29,4,5.41,496,16,2,0,8,3,6,0,1,534,2055,0.65,0.17,0.09,0.4,0.24,0.04,1.275,0.27,7.5,3.35,663465,2021
Logan Allen,24,1717,Maj-AL,Cleveland,14,11,2.0,7.0,,50.1,58,39,35,17,37,12,4,6.26,199,9,0,0,9,2,2,1,0,222,874,0.61,0.16,0.08,0.45,0.27,0.02,1.49,0.303,6.6,2.18,663531,2021
Jose Alvarez,32,1705,Maj-NL,San Francisco,68,1,5.0,2.0,,65.0,53,23,17,19,42,2,0,2.35,245,5,2,1,3,1,5,1,2,267,973,0.66,0.19,0.09,0.51,0.23,0.09,1.108,0.252,5.8,2.21,501625,2021
Adbert Alzolay,26,1716,Maj-NL,Chicago,29,21,5.0,13.0,1.0,125.2,112,66,64,34,128,25,5,4.58,474,19,1,2,7,1,10,2,0,519,1952,0.66,0.17,0.12,0.47,0.23,0.05,1.162,0.27,9.2,3.76,640470,2021
Brett Anderson,33,1714,Maj-NL,Milwaukee,24,24,4.0,9.0,,96.0,102,52,45,28,58,11,2,4.22,369,25,1,0,14,5,1,1,1,409,1505,0.59,0.17,0.07,0.59,0.24,0.02,1.354,0.298,5.4,2.07,474463,2021
Chase Anderson,33,1774,Maj-NL,Philadelphia,14,9,2.0,4.0,,48.0,51,36,36,20,35,10,3,6.75,190,14,2,1,2,1,1,0,0,215,852,0.62,0.16,0.1,0.38,0.22,0.1,1.479,0.281,6.6,1.75,502624,2021
Drew Anderson,27,1714,Maj-AL,Texas,9,1,1.0,1.0,,22.0,20,8,8,6,9,1,1,3.27,84,2,0,0,2,0,3,0,0,91,352,0.64,0.18,0.08,0.4,0.25,0.12,1.182,0.257,3.7,1.5,623454,2021
Ian Anderson,23,1688,Maj-NL,Atlanta,28,28,11.0,5.0,,145.1,114,54,54,60,140,17,3,3.34,534,25,0,2,12,1,8,0,0,603,2455,0.61,0.15,0.12,0.51,0.22,0.06,1.197,0.257,8.7,2.33,666120,2021
Tyler Anderson,31,1714,"Maj-AL,Maj-NL","Pittsburgh,Seattle",31,31,7.0,11.0,,167.0,170,87,84,38,134,27,1,4.53,648,30,6,2,8,7,8,1,1,703,2602,0.69,0.15,0.12,0.38,0.25,0.09,1.246,0.289,7.2,3.53,542881,2021
Chris Archer,32,1736,Maj-AL,Tampa Bay,6,5,1.0,1.0,,19.1,18,11,10,8,21,3,0,4.66,75,4,0,0,2,0,0,0,0,83,327,0.63,0.17,0.11,0.31,0.26,0.07,1.345,0.294,9.8,2.63,502042,2021
Kohei Arihara,28,1732,Maj-AL,Texas,10,10,2.0,4.0,,40.2,45,31,30,13,24,11,4,6.64,160,14,2,0,6,1,0,0,0,178,696,0.61,0.18,0.07,0.42,0.24,0.04,1.426,0.27,5.3,1.85,685503,2021
Jake Arrieta,35,1728,Maj-NL,"Chicago,San Diego",24,24,5.0,14.0,,98.2,131,91,81,44,83,24,6,7.39,410,26,1,3,9,6,9,2,3,469,1746,0.62,0.18,0.07,0.46,0.27,0.03,1.774,0.346,7.6,1.89,453562,2021
Aaron Ashby,23,1705,Maj-NL,Milwaukee,15,4,3.0,2.0,1.0,34.1,30,22,18,14,42,4,2,4.72,132,2,0,0,1,1,3,0,0,149,596,0.65,0.2,0.13,0.65,0.14,0.01,1.282,0.299,11.0,3.0,676879,2021
Pedro Avila,24,1716,Maj-NL,San Diego,1,1,,1.0,,4.0,4,2,1,3,5,1,0,2.25,17,0,0,0,0,0,0,0,0,20,84,0.62,0.17,0.07,0.33,0.25,0.0,1.75,0.273,11.3,1.67,658648,2021
Charlie Barnes,25,1714,Maj-AL,Minnesota,9,8,,3.0,,38.0,46,27,25,16,20,4,4,5.92,152,11,0,0,5,1,1,1,0,175,655,0.61,0.16,0.07,0.39,0.24,0.04,1.632,0.326,4.7,1.25,656212,2021
Jaime Barria,24,1722,Maj-AL,Los Angeles,13,11,2.0,4.0,,56.2,70,29,29,19,35,8,2,4.61,228,14,0,0,11,1,2,0,0,250,917,0.62,0.16,0.08,0.44,0.28,0.05,1.571,0.333,5.6,1.84,642545,2021
Anthony Bass,33,1714,Maj-NL,Miami,70,1,3.0,9.0,,61.1,55,33,26,24,58,11,3,3.82,228,7,1,6,3,3,1,4,1,260,959,0.65,0.19,0.12,0.45,0.23,0.06,1.288,0.272,8.5,2.42,542914,2021
Chris Bassitt,32,1719,Maj-AL,Oakland,27,27,12.0,4.0,,157.1,127,55,55,39,159,15,11,3.15,583,29,1,1,8,4,7,3,1,637,2381,0.66,0.18,0.1,0.42,0.25,0.07,1.055,0.271,9.1,4.08,605135,2021
Trevor Bauer,30,1811,Maj-NL,Los Angeles,17,17,8.0,5.0,,107.2,71,36,31,37,137,19,3,2.59,390,14,2,1,3,0,12,3,0,432,1787,0.63,0.18,0.13,0.34,0.21,0.1,1.003,0.222,11.5,3.7,545333,2021
Shane Baz,22,1709,Maj-AL,Tampa Bay,4,4,2.0,,,15.2,12,6,6,4,20,4,0,3.45,58,2,0,0,1,0,0,0,0,62,245,0.66,0.15,0.15,0.42,0.26,0.13,1.021,0.235,11.5,5.0,669358,2021
Cam Bedrosian,29,1714,"Maj-AL,Maj-NL","Cincinnati,Oakland,Philadelphia",26,1,,,,25.0,27,14,14,17,23,6,0,5.04,97,2,0,0,3,2,0,0,0,116,468,0.61,0.15,0.1,0.37,0.22,0.11,1.76,0.3,8.3,1.35,592135,2021
Anthony Bender,26,1714,Maj-NL,Miami,60,1,3.0,2.0,3.0,61.1,45,22,19,20,71,5,6,2.79,217,12,2,3,10,4,2,3,0,247,973,0.64,0.24,0.12,0.5,0.28,0.04,1.06,0.276,10.4,3.55,669622,2021
Wes Benjamin,27,1734,Maj-AL,Texas,13,2,,2.0,,22.2,29,23,22,17,19,6,0,8.74,94,4,0,0,2,1,0,0,1,112,461,0.62,0.15,0.1,0.29,0.26,0.09,2.029,0.329,7.5,1.12,605138,2021
Travis Bergen,27,1847,Maj-AL,Toronto,10,1,2.0,,,10.2,5,2,2,8,6,1,2,1.69,36,1,0,0,2,0,0,0,0,46,188,0.59,0.14,0.09,0.33,0.13,0.17,1.219,0.138,5.1,0.75,664157,2021
Jose Berrios,27,1718,Maj-AL,"Minnesota,Toronto",32,32,12.0,9.0,,192.0,159,83,75,45,204,22,15,3.52,714,40,3,0,11,5,2,5,5,781,3043,0.66,0.19,0.1,0.44,0.27,0.06,1.063,0.278,9.6,4.53,621244,2021
Alec Bettinger,25,1808,Maj-NL,Milwaukee,4,1,,1.0,,10.0,18,15,15,3,5,3,1,13.5,46,5,0,0,1,0,0,0,0,51,199,0.63,0.16,0.04,0.4,0.26,0.1,2.1,0.395,4.5,1.67,676424,2021
Shane Bieber,26,1717,Maj-AL,Cleveland,16,16,7.0,4.0,,96.2,84,36,34,33,134,11,4,3.17,367,18,1,0,6,1,3,4,1,405,1559,0.65,0.17,0.16,0.45,0.27,0.06,1.21,0.327,12.5,4.06,669456,2021
Brandon Bielak,25,1723,Maj-AL,Houston,28,2,3.0,4.0,1.0,50.0,48,29,25,21,46,5,3,4.5,189,9,0,0,6,3,1,1,2,218,835,0.63,0.17,0.11,0.47,0.26,0.05,1.38,0.305,8.3,2.19,656232,2021
Paul Blackburn,27,1715,Maj-AL,Oakland,9,9,1.0,4.0,,38.1,52,26,25,10,26,8,2,5.87,163,7,2,0,3,0,1,1,1,175,681,0.6,0.18,0.06,0.52,0.24,0.04,1.617,0.341,6.1,2.6,621112,2021
Matthew Boyd,30,1743,Maj-AL,Detroit,15,15,3.0,8.0,,78.2,77,37,34,23,67,9,7,3.89,302,14,1,0,7,4,1,1,1,337,1271,0.68,0.17,0.11,0.4,0.21,0.1,1.271,0.296,7.7,2.91,571510,2021
Steven Brault,29,1737,Maj-NL,Pittsburgh,7,7,,3.0,,27.2,33,18,18,12,19,3,1,5.86,113,7,4,2,3,0,1,0,0,127,498,0.63,0.14,0.09,0.45,0.21,0.03,1.627,0.33,6.2,1.58,643230,2021
Connor Brogdon,26,1717,Maj-NL,Philadelphia,56,1,5.0,4.0,1.0,57.2,47,27,22,18,50,6,1,3.43,213,12,0,2,4,2,6,0,0,235,923,0.64,0.12,0.13,0.47,0.17,0.11,1.127,0.258,7.8,2.78,641401,2021
JT Brubaker,27,1743,Maj-NL,Pittsburgh,24,24,5.0,13.0,,124.1,123,75,74,38,129,28,9,5.36,485,22,2,1,3,1,1,4,1,538,1945,0.64,0.17,0.12,0.44,0.24,0.07,1.295,0.289,9.3,3.39,664141,2021
Justin Bruihl,24,1697,Maj-NL,Los Angeles,24,2,,1.0,,20.2,14,7,6,7,16,1,1,2.61,71,0,0,2,3,0,0,1,0,80,289,0.65,0.15,0.1,0.52,0.18,0.05,1.016,0.241,7.0,2.29,677865,2021
Kris Bubic,23,1715,Maj-AL,Kansas City,29,20,6.0,7.0,,130.0,121,67,64,59,114,22,7,4.43,487,23,3,0,20,3,1,3,0,556,2202,0.62,0.17,0.1,0.47,0.24,0.06,1.385,0.28,7.9,1.93,663460,2021
Walker Buehler,26,1694,Maj-NL,Los Angeles,37,37,16.0,6.0,,226.0,171,73,67,61,230,22,6,2.67,821,39,2,2,20,3,12,3,1,898,3475,0.67,0.18,0.12,0.45,0.22,0.06,1.027,0.26,9.2,3.77,621111,2021
Madison Bumgarner,31,1717,Maj-NL,Arizona,26,26,7.0,10.0,,146.1,134,82,76,39,124,24,11,4.67,553,33,2,2,6,7,11,4,1,613,2294,0.67,0.18,0.1,0.34,0.26,0.1,1.182,0.267,7.6,3.18,518516,2021
Dylan Bundy,28,1754,Maj-AL,Los Angeles,23,19,2.0,9.0,,90.2,89,64,61,34,84,20,6,6.06,352,22,1,0,8,3,6,0,1,397,1524,0.65,0.2,0.1,0.41,0.23,0.05,1.357,0.275,8.3,2.47,605164,2021
Corbin Burnes,26,1709,Maj-NL,Milwaukee,29,29,11.0,5.0,,173.0,125,47,45,37,240,7,6,2.34,630,17,3,0,8,4,18,2,1,678,2685,0.66,0.17,0.17,0.5,0.22,0.06,0.936,0.305,12.5,6.49,669203,2021
Ryan Burr,27,1715,Maj-AL,Chicago,34,1,2.0,1.0,,36.2,28,11,10,21,33,3,1,2.45,125,3,0,0,8,2,3,0,0,151,593,0.6,0.16,0.1,0.58,0.17,0.06,1.336,0.275,8.1,1.57,621114,2021
Beau Burrows,24,1769,Maj-AL,"Detroit,Minnesota",6,1,,1.0,,11.0,16,18,17,10,8,5,0,13.91,44,5,1,0,0,4,0,1,0,58,265,0.59,0.12,0.08,0.2,0.2,0.08,2.364,0.314,6.5,0.8,663366,2021
Edward Cabrera,23,1717,Maj-NL,Miami,7,7,,3.0,,26.1,24,20,17,19,28,6,4,5.81,97,5,1,0,5,0,1,1,0,120,482,0.59,0.14,0.12,0.42,0.29,0.03,1.633,0.286,9.6,1.47,665795,2021
Trevor Cahill,33,1828,Maj-NL,Pittsburgh,9,8,1.0,5.0,,37.0,42,29,27,14,32,4,1,6.57,147,6,1,0,4,3,3,0,1,166,663,0.62,0.17,0.09,0.57,0.18,0.05,1.514,0.333,7.8,2.29,502239,2021
Paul Campbell,25,1729,Maj-NL,Miami,16,1,2.0,3.0,,26.2,32,24,19,10,26,5,2,6.41,111,5,1,0,1,0,1,1,0,124,468,0.63,0.15,0.11,0.44,0.23,0.07,1.575,0.338,8.8,2.6,669294,2021
Griffin Canning,25,1807,Maj-AL,Los Angeles,14,13,5.0,4.0,,62.2,65,41,39,28,62,14,1,5.6,246,12,2,0,2,1,5,1,4,277,1080,0.63,0.13,0.14,0.36,0.23,0.09,1.484,0.298,8.9,2.21,656288,2021
Carlos Carrasco,34,1715,Maj-NL,New York,12,12,1.0,5.0,,53.2,59,39,36,18,50,12,0,6.04,217,14,0,0,2,2,1,0,0,237,889,0.66,0.14,0.12,0.44,0.26,0.03,1.435,0.299,8.4,2.78,471911,2021
Daniel Castano,26,1719,Maj-NL,Miami,5,4,,2.0,,20.1,22,12,11,8,13,3,1,4.87,82,6,0,0,3,0,2,0,1,92,333,0.64,0.14,0.08,0.41,0.27,0.04,1.475,0.288,5.8,1.63,641447,2021
Ryan Castellani,25,1866,Maj-NL,Colorado,1,1,,,,3.1,5,2,2,4,2,1,1,5.4,12,2,0,0,1,0,0,1,0,17,65,0.51,0.11,0.09,0.4,0.2,0.1,2.7,0.444,5.4,0.5,624418,2021
Humberto Castellanos,23,1716,Maj-NL,Arizona,14,7,2.0,2.0,,45.2,48,26,25,15,29,7,2,4.93,173,9,1,0,7,0,1,0,0,196,726,0.65,0.2,0.06,0.44,0.22,0.06,1.38,0.299,5.7,1.93,528748,2021
Luis Castillo,28,1716,Maj-NL,Cincinnati,33,33,8.0,16.0,,187.2,181,94,83,75,192,19,7,3.98,711,34,7,4,20,2,5,4,0,803,3164,0.64,0.15,0.13,0.58,0.22,0.04,1.364,0.323,9.2,2.56,622491,2021
Miguel Castro,26,1715,Maj-NL,New York,69,2,3.0,4.0,,70.1,48,30,27,43,77,7,6,3.45,254,7,0,0,6,0,10,2,0,303,1228,0.6,0.18,0.12,0.52,0.2,0.06,1.294,0.241,9.9,1.79,612434,2021
Dylan Cease,25,1707,Maj-AL,Chicago,33,33,13.0,7.0,,167.1,141,80,75,71,228,20,9,4.03,630,23,3,0,7,7,23,2,2,718,3001,0.62,0.16,0.15,0.35,0.24,0.1,1.267,0.311,12.3,3.21,656302,2021
Jhoulys Chacin,33,1715,Maj-NL,Colorado,46,1,3.0,2.0,,64.1,53,32,31,28,47,8,0,4.34,239,12,4,0,4,1,5,2,1,269,1070,0.62,0.16,0.1,0.47,0.23,0.05,1.259,0.243,6.6,1.68,468504,2021
Jesse Chavez,37,1686,Maj-NL,Atlanta,37,5,3.0,2.0,,40.0,28,9,8,14,38,0,0,1.8,143,9,1,2,3,2,3,0,0,160,609,0.65,0.21,0.07,0.43,0.25,0.04,1.05,0.262,8.6,2.71,445926,2021
Aaron Civale,26,1714,Maj-AL,Cleveland,21,21,12.0,5.0,,124.1,108,56,53,31,99,23,4,3.84,458,18,4,0,11,4,4,4,0,498,1902,0.64,0.16,0.1,0.45,0.23,0.07,1.118,0.25,7.2,3.19,650644,2021
Garrett Cleavinger,27,1772,Maj-NL,Los Angeles,22,1,2.0,4.0,,18.0,20,11,6,12,21,4,1,3.0,69,2,0,1,4,1,3,0,0,84,355,0.63,0.24,0.1,0.5,0.2,0.06,1.778,0.356,10.5,1.75,664076,2021
Alex Cobb,33,1717,Maj-AL,Los Angeles,18,18,8.0,3.0,,93.1,85,46,39,33,98,5,3,3.76,354,15,2,0,11,2,6,0,2,393,1579,0.63,0.19,0.11,0.54,0.28,0.03,1.264,0.316,9.5,2.97,502171,2021
Gerrit Cole,30,1712,Maj-AL,New York,31,31,16.0,9.0,,183.1,155,72,68,43,246,26,2,3.34,687,28,1,0,15,6,9,0,1,738,3019,0.66,0.18,0.15,0.42,0.22,0.07,1.08,0.306,12.1,5.72,543037,2021
Roansy Contreras,21,1718,Maj-NL,Pittsburgh,1,1,,,,3.0,3,0,0,1,4,0,0,0.0,11,1,0,0,0,0,0,1,0,12,46,0.63,0.15,0.13,0.57,0.0,0.0,1.333,0.429,12.0,4.0,672710,2021
Sam Coonrod,28,1717,Maj-NL,Philadelphia,42,2,2.0,2.0,2.0,42.1,41,21,19,15,48,5,3,4.04,166,6,0,1,3,1,2,0,0,185,712,0.65,0.16,0.11,0.56,0.19,0.04,1.323,0.316,10.2,3.2,656322,2021
Patrick Corbin,31,1719,Maj-NL,Washington,31,31,9.0,16.0,,171.2,192,114,111,60,143,37,3,5.82,672,32,4,2,19,5,13,5,3,751,2750,0.63,0.15,0.11,0.49,0.24,0.03,1.468,0.312,7.5,2.38,571578,2021
Nestor Cortes,26,1716,Maj-AL,New York,22,14,2.0,3.0,,93.0,75,32,30,25,103,14,2,2.9,345,14,1,0,6,1,5,0,0,374,1524,0.65,0.16,0.1,0.29,0.25,0.1,1.075,0.266,10.0,4.12,641482,2021
Danny Coulombe,31,1716,Maj-AL,Minnesota,29,1,3.0,2.0,,34.1,35,17,14,7,33,5,0,3.67,131,8,0,1,3,0,2,3,3,139,529,0.66,0.14,0.12,0.44,0.23,0.05,1.223,0.323,8.7,4.71,543056,2021
Kutter Crawford,25,1742,Maj-AL,Boston,1,1,,1.0,,2.0,5,5,5,2,2,1,0,22.5,9,1,0,0,0,2,1,0,0,13,57,0.7,0.14,0.16,0.11,0.44,0.0,3.5,0.5,9.0,1.0,676710,2021
Cooper Criswell,24,1751,Maj-AL,Los Angeles,1,1,,1.0,,1.1,6,3,3,0,0,0,0,20.25,10,1,1,0,0,0,0,0,0,10,41,0.63,0.15,0.0,0.6,0.3,0.0,4.5,0.6,0.0,,681867,2021
Hans Crouse,22,1715,Maj-NL,Philadelphia,2,2,,2.0,,7.0,4,4,4,7,2,2,0,5.14,24,0,0,0,0,0,0,0,0,32,131,0.57,0.08,0.12,0.22,0.17,0.04,1.571,0.1,2.6,0.29,668968,2021
Wil Crowe,26,1716,Maj-NL,Pittsburgh,26,25,4.0,8.0,,116.2,126,75,71,57,111,25,6,5.48,457,20,4,1,6,1,1,1,1,524,2171,0.6,0.15,0.11,0.44,0.21,0.07,1.569,0.314,8.6,1.95,640444,2021
Johnny Cueto,35,1717,Maj-NL,San Francisco,22,21,7.0,7.0,,114.2,127,57,52,30,98,15,4,4.08,445,23,6,1,12,1,0,0,4,490,1878,0.65,0.15,0.1,0.41,0.27,0.07,1.369,0.336,7.7,3.27,456501,2021
John Curtiss,28,1768,Maj-NL,"Miami,Milwaukee",41,2,3.0,1.0,,44.1,42,21,17,12,44,6,1,3.45,172,8,1,0,2,1,3,0,1,187,698,0.68,0.18,0.13,0.4,0.26,0.08,1.218,0.293,8.9,3.67,595928,2021
Yu Darvish,34,1719,Maj-NL,San Diego,30,30,8.0,11.0,,166.1,138,81,78,44,199,28,8,4.22,623,35,5,1,10,5,15,1,0,681,2768,0.66,0.18,0.12,0.38,0.23,0.09,1.094,0.274,10.8,4.52,506433,2021
Tucker Davidson,25,1686,Maj-NL,Atlanta,5,5,,,,22.0,17,12,10,11,19,3,0,4.09,80,3,1,0,2,2,0,0,0,94,356,0.63,0.15,0.12,0.42,0.2,0.05,1.273,0.233,7.8,1.73,656353,2021
Zach Davies,28,1723,Maj-NL,Chicago,32,32,6.0,12.0,,148.0,162,99,95,75,114,25,5,5.78,577,41,1,2,10,2,6,3,4,668,2577,0.6,0.17,0.09,0.44,0.27,0.05,1.601,0.311,6.9,1.52,605200,2021
Chase De Jong,27,1790,Maj-NL,Pittsburgh,9,9,1.0,4.0,,43.2,49,28,28,19,39,11,1,5.77,175,15,3,2,3,0,0,0,1,196,775,0.63,0.16,0.1,0.31,0.28,0.06,1.557,0.304,8.0,2.05,608328,2021
Jose De Leon,28,1866,Maj-NL,Cincinnati,9,2,,1.0,,18.1,22,17,17,11,33,4,2,8.35,76,5,0,0,0,2,0,0,0,91,347,0.65,0.18,0.15,0.33,0.33,0.09,1.8,0.439,16.2,3.0,592254,2021
Jacob deGrom,33,1802,Maj-NL,New York,15,15,7.0,2.0,,92.0,40,14,11,11,146,6,1,1.08,310,13,2,0,3,2,5,1,1,324,1226,0.7,0.14,0.22,0.45,0.2,0.1,0.554,0.213,14.3,13.27,594798,2021
Anthony DeSclafani,31,1705,Maj-NL,San Francisco,32,32,13.0,8.0,,169.1,146,63,61,42,154,19,2,3.24,635,23,2,1,12,1,7,4,0,686,2586,0.66,0.17,0.11,0.45,0.23,0.07,1.11,0.274,8.2,3.67,543101,2021
Reid Detmers,21,1714,Maj-AL,Los Angeles,5,5,1.0,3.0,,20.2,26,17,17,11,19,5,2,7.4,88,6,0,1,0,0,8,0,0,101,379,0.64,0.15,0.12,0.35,0.26,0.07,1.79,0.328,8.3,1.73,672282,2021
Ross Detwiler,35,1715,Maj-NL,"Miami,San Diego",53,5,3.0,1.0,,52.1,44,28,27,20,62,10,8,4.64,198,11,2,1,2,3,5,0,0,229,888,0.64,0.19,0.1,0.4,0.19,0.1,1.223,0.264,10.7,3.1,446321,2021
Jhonathan Diaz,24,1715,Maj-AL,Los Angeles,3,2,1.0,,,13.0,11,6,6,7,9,1,1,4.15,50,4,0,0,1,1,0,0,0,59,237,0.63,0.16,0.09,0.43,0.24,0.07,1.385,0.244,6.2,1.29,646242,2021
Miguel Diaz,26,1756,Maj-NL,San Diego,25,2,3.0,1.0,1.0,42.0,31,19,17,19,46,8,0,3.64,152,7,2,0,4,0,2,0,0,172,695,0.63,0.2,0.08,0.42,0.28,0.05,1.19,0.235,9.9,2.42,622766,2021
Randy Dobnak,26,1744,Maj-AL,Minnesota,14,6,1.0,7.0,1.0,50.2,66,44,43,12,27,11,1,7.64,213,17,1,0,6,1,1,1,0,228,765,0.63,0.16,0.07,0.57,0.24,0.04,1.539,0.313,4.8,2.25,677976,2021
Danny Duffy,32,1793,Maj-AL,Kansas City,13,12,4.0,3.0,,61.0,52,19,17,22,65,6,0,2.51,230,8,2,1,7,0,0,1,0,252,1009,0.64,0.15,0.14,0.34,0.31,0.11,1.213,0.289,9.6,2.95,518633,2021
Robert Dugger,25,1757,Maj-AL,Seattle,12,4,,2.0,,25.2,34,24,21,12,19,4,1,7.36,105,6,2,0,5,2,2,0,1,121,461,0.65,0.18,0.11,0.38,0.33,0.06,1.792,0.357,6.7,1.58,667498,2021
Justin Dunn,25,1822,Maj-AL,Seattle,11,11,1.0,3.0,,50.1,37,21,21,29,49,6,4,3.75,184,4,1,0,1,1,10,0,2,218,870,0.63,0.16,0.1,0.34,0.17,0.11,1.311,0.238,8.8,1.69,643290,2021
Dane Dunning,26,1714,Maj-AL,Texas,27,25,5.0,10.0,,117.2,126,61,59,43,114,13,7,4.51,459,29,1,0,12,1,5,2,1,511,1909,0.65,0.19,0.1,0.54,0.22,0.05,1.436,0.339,8.7,2.65,641540,2021
Jon Duplantier,26,1826,Maj-NL,Arizona,4,4,,3.0,,13.0,19,19,19,8,12,5,2,13.15,59,3,0,0,0,0,0,0,0,70,270,0.61,0.17,0.08,0.48,0.23,0.08,2.077,0.333,8.3,1.5,641541,2021
Zach Eflin,27,1793,Maj-NL,Philadelphia,18,18,4.0,7.0,,105.2,116,52,49,16,99,15,3,4.17,421,29,2,2,13,1,1,0,0,442,1615,0.68,0.18,0.1,0.44,0.25,0.06,1.249,0.328,8.4,6.19,621107,2021
Jerad Eickhoff,30,1782,Maj-NL,New York,5,4,,2.0,,19.2,30,24,19,10,13,9,3,8.69,90,8,0,2,1,1,0,0,0,104,357,0.63,0.14,0.08,0.32,0.32,0.09,2.034,0.304,5.9,1.3,595191,2021
Chris Ellis,28,1722,Maj-AL,"Baltimore,Tampa Bay",7,6,1.0,,,29.1,21,7,7,14,23,3,2,2.15,105,4,0,0,1,0,4,2,1,121,482,0.62,0.16,0.1,0.3,0.29,0.15,1.193,0.228,7.1,1.64,595939,2021
Nathan Eovaldi,31,1695,Maj-AL,Boston,37,36,13.0,11.0,,203.0,201,92,87,40,220,17,7,3.86,801,59,4,4,11,2,10,0,0,851,3251,0.69,0.17,0.13,0.42,0.26,0.09,1.187,0.325,9.8,5.5,543135,2021
Thomas Eshelman,27,1716,Maj-AL,Baltimore,9,6,,3.0,,27.2,34,22,22,10,11,6,1,7.16,114,9,0,0,1,1,0,1,0,126,441,0.63,0.19,0.06,0.38,0.23,0.08,1.59,0.286,3.6,1.1,664045,2021
Paolo Espino,34,1718,Maj-NL,Washington,35,19,5.0,5.0,1.0,109.2,108,53,52,25,92,19,1,4.27,422,25,2,2,4,3,4,1,0,455,1741,0.65,0.19,0.09,0.38,0.24,0.09,1.213,0.283,7.6,3.68,502179,2021
Bailey Falter,24,1714,Maj-NL,Philadelphia,22,1,2.0,1.0,,33.2,34,21,21,6,34,5,2,5.61,130,4,1,0,4,1,0,1,0,139,552,0.66,0.18,0.11,0.37,0.26,0.1,1.188,0.315,9.1,5.67,663559,2021
Jake Faria,27,1733,Maj-NL,Arizona,23,3,,,,32.2,39,21,20,13,32,5,2,5.51,137,7,3,0,0,1,2,0,0,154,639,0.6,0.17,0.09,0.41,0.21,0.05,1.592,0.337,8.8,2.46,607188,2021
Luke Farrell,30,1716,Maj-AL,Minnesota,20,1,1.0,1.0,,24.2,28,13,13,13,25,4,0,4.74,100,6,1,0,1,0,2,0,0,113,473,0.6,0.16,0.12,0.37,0.27,0.04,1.662,0.338,9.1,1.92,608652,2021
Erick Fedde,28,1714,Maj-NL,Washington,29,27,7.0,9.0,,133.1,144,90,81,48,128,23,4,5.47,524,29,1,6,5,5,16,6,0,590,2410,0.61,0.16,0.09,0.51,0.22,0.04,1.44,0.32,8.6,2.67,607200,2021
Ryan Feltner,24,1735,Maj-NL,Colorado,2,2,,1.0,,6.1,9,8,8,5,6,3,1,11.37,26,1,0,0,1,1,0,0,0,33,142,0.56,0.15,0.12,0.1,0.33,0.1,2.211,0.333,8.5,1.2,663372,2021
Mike Fiers,36,1864,Maj-AL,Oakland,2,2,,2.0,,9.1,15,8,8,4,5,4,0,7.71,41,2,0,0,1,0,0,0,0,45,152,0.64,0.17,0.05,0.5,0.14,0.08,2.036,0.344,4.8,1.25,571666,2021
Jack Flaherty,25,1714,Maj-NL,St. Louis,17,15,9.0,2.0,,78.1,57,35,28,26,85,12,6,3.22,286,11,0,1,2,2,0,3,1,322,1353,0.61,0.17,0.12,0.4,0.26,0.06,1.06,0.236,9.8,3.27,656427,2021
Josh Fleming,25,1706,Maj-AL,Tampa Bay,28,11,10.0,8.0,1.0,105.1,113,60,59,31,66,11,3,5.04,416,22,1,5,10,1,1,0,0,454,1655,0.64,0.15,0.09,0.57,0.23,0.03,1.367,0.3,5.6,2.13,676596,2021
Chris Flexen,26,1715,Maj-AL,Seattle,31,31,14.0,6.0,,179.2,185,74,72,40,125,19,4,3.61,690,34,5,0,22,7,4,1,3,741,2811,0.65,0.15,0.09,0.43,0.24,0.05,1.252,0.3,6.3,3.13,623167,2021
Mike Foltynewicz,29,1714,Maj-AL,Texas,28,24,2.0,12.0,,139.0,139,86,84,36,97,35,9,5.44,535,34,2,0,8,3,2,3,1,586,2236,0.65,0.17,0.08,0.38,0.25,0.08,1.259,0.256,6.3,2.69,592314,2021
Seth Frankoff,32,1836,Maj-NL,Arizona,4,3,,2.0,,14.2,20,15,15,9,11,4,2,9.2,60,3,0,0,1,0,1,1,0,74,260,0.59,0.12,0.08,0.5,0.17,0.12,1.977,0.356,6.8,1.22,571676,2021
Kyle Freeland,28,1719,Maj-NL,Colorado,23,23,7.0,8.0,,120.2,133,59,58,38,105,20,4,4.33,469,28,0,1,16,1,8,4,1,515,1886,0.64,0.18,0.09,0.46,0.24,0.07,1.417,0.328,7.8,2.76,607536,2021
Max Fried,27,1684,Maj-NL,Atlanta,33,33,16.0,9.0,,193.1,169,74,69,44,187,18,8,3.21,721,32,2,0,16,4,10,3,6,781,2970,0.66,0.17,0.12,0.53,0.21,0.05,1.102,0.29,8.7,4.25,608331,2021
Michael Fulmer,28,1714,Maj-AL,Detroit,52,4,5.0,6.0,14.0,69.2,69,27,23,20,73,7,5,2.97,270,10,1,2,5,2,6,0,0,297,1185,0.63,0.14,0.13,0.46,0.26,0.09,1.278,0.323,9.4,3.65,605242,2021
Kyle Funkhouser,27,1715,Maj-AL,Detroit,57,2,7.0,4.0,1.0,68.1,58,32,26,38,63,6,3,3.42,253,4,3,0,7,2,3,1,1,298,1189,0.6,0.15,0.11,0.53,0.22,0.07,1.405,0.28,8.3,1.66,608335,2021
Zac Gallen,25,1715,Maj-NL,Arizona,23,23,4.0,10.0,,121.1,108,61,58,49,139,19,5,4.3,463,22,2,1,6,3,1,1,0,523,2096,0.62,0.18,0.09,0.45,0.23,0.06,1.294,0.289,10.3,2.84,668678,2021
John Gant,28,1716,"Maj-AL,Maj-NL","Minnesota,St. Louis",39,21,5.0,11.0,,110.0,95,56,50,71,92,10,6,4.09,408,17,4,2,12,3,11,0,1,491,1975,0.59,0.16,0.1,0.49,0.23,0.05,1.509,0.275,7.5,1.3,607231,2021
Deivi Garcia,22,1841,Maj-AL,New York,2,2,,2.0,,8.1,8,7,6,4,7,1,1,6.48,32,4,1,0,0,1,0,0,0,38,153,0.6,0.16,0.12,0.23,0.27,0.08,1.44,0.28,7.6,1.75,665620,2021
Luis Garcia,24,1684,Maj-AL,Houston,35,33,12.0,11.0,,171.0,146,76,74,62,188,22,3,3.89,634,34,3,2,11,5,14,8,1,706,2791,0.63,0.16,0.14,0.38,0.24,0.09,1.216,0.289,9.9,3.03,677651,2021
Braxton Garrett,23,1762,Maj-NL,Miami,8,7,1.0,2.0,,34.0,42,20,19,20,32,3,2,5.03,132,8,0,0,3,1,0,0,1,159,604,0.62,0.18,0.09,0.42,0.34,0.04,1.824,0.398,8.5,1.6,666129,2021
Kevin Gausman,30,1703,Maj-NL,San Francisco,35,34,14.0,7.0,,198.0,154,70,64,53,234,20,4,2.91,737,31,4,2,11,4,11,2,2,800,3093,0.68,0.16,0.15,0.43,0.24,0.06,1.045,0.275,10.6,4.42,592332,2021
Domingo German,28,1716,Maj-AL,New York,22,18,4.0,5.0,,98.1,89,52,50,27,98,17,2,4.58,380,16,3,0,6,1,6,1,3,410,1579,0.66,0.16,0.14,0.43,0.19,0.08,1.18,0.271,9.0,3.63,593334,2021
Kyle Gibson,33,1717,"Maj-AL,Maj-NL","Philadelphia,Texas",31,30,10.0,9.0,,182.0,158,78,75,64,155,17,8,3.71,675,32,2,2,17,5,2,3,2,754,2881,0.62,0.17,0.1,0.52,0.24,0.06,1.22,0.278,7.7,2.42,502043,2021
Luis Gil,23,1729,Maj-AL,New York,6,6,1.0,1.0,,29.1,20,11,10,19,38,4,1,3.07,109,1,0,0,0,0,0,0,0,129,532,0.61,0.14,0.13,0.32,0.19,0.15,1.33,0.239,11.7,2.0,661563,2021
Logan Gilbert,24,1718,Maj-AL,Seattle,24,24,6.0,5.0,,119.1,112,63,62,28,128,17,6,4.68,464,30,2,2,3,3,10,0,0,503,2125,0.64,0.13,0.13,0.33,0.26,0.08,1.173,0.295,9.7,4.57,669302,2021
Tyler Gilbert,27,1735,Maj-NL,Arizona,9,6,2.0,2.0,,40.0,28,17,14,13,25,4,1,3.15,140,6,1,0,4,2,2,2,1,157,600,0.67,0.15,0.09,0.43,0.16,0.1,1.025,0.212,5.6,1.92,656457,2021
Lucas Gilbreath,25,1714,Maj-NL,Colorado,47,1,3.0,2.0,1.0,42.2,33,18,16,23,44,5,1,3.38,159,4,0,0,2,2,0,0,0,185,731,0.61,0.15,0.13,0.45,0.19,0.07,1.313,0.25,9.3,1.91,656458,2021
Lucas Giolito,26,1709,Maj-AL,Chicago,32,32,11.0,9.0,,183.0,148,78,74,57,205,27,2,3.64,677,28,4,1,12,4,15,1,2,741,3061,0.65,0.15,0.15,0.34,0.27,0.11,1.12,0.269,10.1,3.6,608337,2021
Tyler Glasnow,27,1825,Maj-AL,Tampa Bay,14,14,5.0,2.0,,88.0,55,26,26,27,123,10,0,2.66,313,13,1,0,6,0,6,2,0,340,1339,0.66,0.17,0.17,0.45,0.23,0.07,0.932,0.25,12.6,4.56,607192,2021
Zack Godley,31,1819,Maj-NL,Milwaukee,2,1,,1.0,,3.1,4,7,6,5,5,2,1,16.2,14,0,0,0,0,0,0,0,0,21,88,0.51,0.14,0.13,0.3,0.3,0.0,2.7,0.286,13.5,1.0,643327,2021
Austin Gomber,27,1747,Maj-NL,Colorado,23,23,9.0,9.0,,115.1,102,64,58,41,113,20,3,4.53,440,21,1,2,7,2,1,1,0,488,1851,0.65,0.19,0.11,0.45,0.22,0.06,1.24,0.265,8.8,2.76,596295,2021
Tony Gonsolin,27,1697,Maj-NL,Los Angeles,18,13,5.0,1.0,,59.2,46,25,25,35,69,10,0,3.77,221,11,0,0,1,0,1,2,0,258,1059,0.61,0.16,0.13,0.38,0.24,0.07,1.358,0.254,10.4,1.97,664062,2021
Marco Gonzales,29,1716,Maj-AL,Seattle,25,25,10.0,6.0,,143.1,125,64,63,42,108,29,5,3.96,535,33,2,3,9,2,7,3,3,585,2324,0.65,0.17,0.09,0.34,0.23,0.13,1.165,0.24,6.8,2.57,594835,2021
Chi Chi Gonzalez,29,1715,Maj-NL,Colorado,24,18,3.0,7.0,,101.2,127,74,73,28,56,18,6,6.46,409,35,2,0,13,2,2,2,1,448,1635,0.65,0.17,0.07,0.41,0.3,0.06,1.525,0.323,5.0,2.0,592346,2021
Victor Gonzalez,25,1756,Maj-NL,Los Angeles,44,1,3.0,1.0,1.0,35.1,32,14,14,19,33,3,3,3.57,131,6,0,2,2,1,2,1,0,155,557,0.63,0.17,0.12,0.56,0.22,0.04,1.443,0.302,8.4,1.74,624647,2021
Ashton Goudeau,28,1714,Maj-NL,"Cincinnati,Colorado",16,1,2.0,1.0,,34.1,24,16,16,17,22,4,2,4.19,119,8,0,3,4,0,2,1,0,141,568,0.6,0.14,0.08,0.52,0.17,0.04,1.194,0.215,5.8,1.29,623485,2021
Brusdar Graterol,22,1694,Maj-NL,Los Angeles,42,1,3.0,1.0,,42.1,38,19,18,13,34,2,7,3.83,162,11,0,6,3,0,1,1,0,183,621,0.7,0.19,0.08,0.59,0.25,0.09,1.205,0.286,7.2,2.62,660813,2021
Jon Gray,29,1716,Maj-NL,Colorado,29,29,8.0,12.0,,149.0,140,83,76,58,157,21,8,4.59,572,27,5,2,12,4,8,2,1,644,2536,0.63,0.18,0.11,0.49,0.22,0.04,1.329,0.299,9.5,2.71,592351,2021
Josiah Gray,23,1715,Maj-NL,"Los Angeles,Washington",14,13,2.0,2.0,,70.2,63,44,43,33,76,19,2,5.48,265,10,2,3,4,2,5,1,1,307,1213,0.64,0.14,0.14,0.33,0.19,0.15,1.358,0.256,9.7,2.3,680686,2021
Sonny Gray,31,1718,Maj-NL,Cincinnati,26,26,7.0,9.0,,135.1,115,67,63,50,155,19,8,4.19,512,15,5,1,6,2,11,0,1,575,2228,0.63,0.2,0.11,0.49,0.22,0.06,1.219,0.282,10.3,3.1,543243,2021
Conner Greene,26,1714,"Maj-AL,Maj-NL","Baltimore,Los Angeles",24,1,1.0,3.0,,25.1,32,20,20,12,26,1,3,7.11,104,9,0,1,0,2,4,1,0,121,447,0.65,0.15,0.14,0.39,0.25,0.06,1.737,0.392,9.2,2.17,641632,2021
Zack Greinke,37,1687,Maj-AL,Houston,33,31,11.0,6.0,,177.1,171,84,81,39,124,31,2,4.11,678,29,0,0,20,5,7,1,0,726,2693,0.63,0.17,0.09,0.47,0.25,0.05,1.184,0.265,6.3,3.18,425844,2021
Robert Gsellman,27,1714,Maj-NL,New York,17,1,,1.0,,28.2,27,14,12,7,17,3,2,3.77,109,6,0,0,2,0,1,1,1,119,427,0.63,0.13,0.1,0.49,0.24,0.05,1.186,0.27,5.3,2.43,607229,2021
Junior Guerra,36,1731,Maj-AL,Los Angeles,41,1,5.0,2.0,,65.1,67,45,44,46,61,6,3,6.06,256,12,0,1,9,2,3,0,0,307,1225,0.59,0.16,0.11,0.49,0.21,0.08,1.73,0.319,8.4,1.33,448855,2021
Vladimir Gutierrez,25,1722,Maj-NL,Cincinnati,22,22,9.0,6.0,,114.0,115,61,60,46,88,20,4,4.74,437,26,2,0,7,4,14,1,2,496,1831,0.63,0.17,0.1,0.45,0.19,0.07,1.412,0.285,6.9,1.91,661269,2021
David Hale,33,1816,Maj-NL,Philadelphia,17,1,,2.0,,26.2,30,20,19,9,21,5,1,6.41,106,7,0,1,2,0,2,0,0,116,461,0.6,0.12,0.09,0.41,0.29,0.07,1.463,0.313,7.1,2.33,571735,2021
J.A. Happ,38,1717,"Maj-AL,Maj-NL","Minnesota,St. Louis",30,30,10.0,8.0,,152.1,177,100,98,48,122,30,3,5.79,615,35,6,0,10,3,8,1,2,671,2674,0.63,0.15,0.08,0.36,0.27,0.07,1.477,0.315,7.2,2.54,457918,2021
Matt Harvey,32,1739,Maj-AL,Baltimore,28,28,6.0,14.0,,127.2,160,96,89,37,95,19,5,6.27,536,33,4,1,6,2,15,2,0,582,2232,0.64,0.16,0.08,0.44,0.24,0.07,1.543,0.333,6.7,2.57,518774,2021
Thomas Hatch,26,1724,Maj-AL,Toronto,3,2,,1.0,,9.1,11,7,7,6,8,2,1,6.75,38,4,0,0,0,0,0,0,1,45,166,0.59,0.11,0.09,0.33,0.27,0.13,1.821,0.321,7.7,1.33,641672,2021
Louis Head,31,1716,Maj-AL,Tampa Bay,27,2,2.0,,,35.0,21,10,9,9,32,2,3,2.31,120,3,0,0,3,2,2,1,0,134,546,0.64,0.13,0.13,0.31,0.1,0.16,0.857,0.216,8.2,3.56,545343,2021
Andrew Heaney,30,1729,Maj-AL,"Los Angeles,New York",30,23,8.0,9.0,,129.2,130,85,84,41,150,29,6,5.83,507,28,1,0,8,4,4,0,0,558,2330,0.65,0.16,0.13,0.34,0.25,0.07,1.319,0.304,10.4,3.66,571760,2021
Taylor Hearn,26,1718,Maj-AL,Texas,42,11,6.0,6.0,,104.1,96,58,54,42,92,17,3,4.66,389,16,1,1,12,5,7,1,2,441,1726,0.64,0.18,0.09,0.41,0.25,0.06,1.323,0.277,7.9,2.19,621368,2021
Jonathan Heasley,24,1716,Maj-AL,Kansas City,3,3,1.0,1.0,,14.2,15,8,8,3,6,3,2,4.91,54,5,0,0,3,0,0,1,1,59,250,0.59,0.14,0.06,0.46,0.19,0.15,1.227,0.267,3.7,2.0,669169,2021
Kyle Hendricks,31,1718,Maj-NL,Chicago,32,32,14.0,7.0,,181.0,200,101,96,44,131,31,13,4.77,719,43,5,3,16,3,9,1,2,785,2809,0.67,0.19,0.09,0.45,0.25,0.08,1.348,0.302,6.5,2.98,543294,2021
Sam Hentges,24,1715,Maj-AL,Cleveland,30,12,1.0,4.0,,68.2,90,54,51,32,68,10,0,6.68,283,19,0,0,9,2,5,0,0,318,1260,0.6,0.15,0.1,0.46,0.2,0.06,1.777,0.386,8.9,2.13,656529,2021
Carlos Hernandez,24,1723,Maj-AL,Kansas City,24,11,6.0,2.0,,85.2,69,36,35,41,74,7,4,3.68,310,9,2,1,9,3,1,1,0,358,1434,0.61,0.14,0.11,0.4,0.24,0.08,1.284,0.267,7.8,1.8,672578,2021
Elieser Hernandez,26,1718,Maj-NL,Miami,11,11,1.0,3.0,,51.2,54,26,24,14,53,13,3,4.18,204,13,1,2,1,2,1,1,1,225,818,0.7,0.18,0.11,0.41,0.19,0.08,1.316,0.293,9.2,3.79,622694,2021
David Hess,27,1740,"Maj-AL,Maj-NL","Miami,Tampa Bay",15,1,2.0,2.0,,20.0,32,24,22,11,18,10,1,9.9,88,7,0,1,2,2,0,0,0,102,367,0.63,0.14,0.1,0.25,0.28,0.03,2.15,0.355,8.1,1.64,605276,2021
Rich Hill,41,1717,"Maj-AL,Maj-NL","New York,Tampa Bay",32,31,7.0,8.0,,158.2,137,70,68,55,150,21,16,3.86,582,32,1,0,13,5,9,5,1,661,2496,0.67,0.21,0.1,0.36,0.25,0.08,1.21,0.279,8.5,2.73,448179,2021
Jeff Hoffman,28,1715,Maj-NL,Cincinnati,31,11,3.0,5.0,,73.0,70,41,37,45,79,12,5,4.56,282,15,1,2,7,2,3,0,1,335,1360,0.6,0.16,0.12,0.38,0.26,0.08,1.575,0.301,9.7,1.76,656546,2021
Derek Holland,34,1718,Maj-AL,Detroit,39,1,3.0,2.0,,49.2,58,29,28,20,51,6,1,5.07,202,12,2,1,3,2,2,1,1,225,835,0.66,0.18,0.11,0.46,0.24,0.06,1.57,0.354,9.2,2.55,502706,2021
Jordan Holloway,25,1781,Maj-NL,Miami,13,4,2.0,3.0,,36.0,23,19,16,26,36,3,0,4.0,130,7,1,0,1,2,2,0,0,158,664,0.6,0.19,0.1,0.43,0.22,0.1,1.361,0.215,9.0,1.38,656548,2021
Brent Honeywell Jr.,26,1876,Maj-AL,Tampa Bay,3,2,,,,4.1,5,4,4,3,4,2,0,8.31,18,0,0,0,0,0,1,0,0,21,78,0.6,0.13,0.08,0.43,0.21,0.07,1.846,0.25,8.3,1.33,641703,2021
Tanner Houck,25,1695,Maj-AL,Boston,23,13,2.0,5.0,1.0,79.1,64,38,33,21,97,7,7,3.74,293,9,1,1,6,1,7,0,1,323,1296,0.64,0.17,0.13,0.46,0.22,0.08,1.071,0.3,11.0,4.62,656557,2021
Adrian Houser,28,1706,Maj-NL,Milwaukee,30,26,11.0,7.0,,145.1,122,65,55,65,106,14,9,3.41,531,18,2,0,18,1,19,6,3,613,2400,0.61,0.16,0.08,0.6,0.21,0.03,1.287,0.262,6.6,1.63,605288,2021
Sam Howard,28,1714,Maj-NL,Pittsburgh,54,1,3.0,4.0,,45.0,34,29,28,32,60,7,3,5.6,161,6,0,1,5,2,3,0,0,199,846,0.61,0.16,0.16,0.44,0.16,0.11,1.467,0.281,12.0,1.88,607572,2021
Spencer Howard,24,1716,"Maj-AL,Maj-NL","Philadelphia,Texas",19,15,,5.0,,49.2,53,45,41,27,52,7,3,7.43,197,7,4,0,3,2,5,1,0,229,936,0.63,0.18,0.11,0.37,0.28,0.07,1.611,0.329,9.4,1.93,675921,2021
Dakota Hudson,26,1716,Maj-NL,St. Louis,2,1,1.0,,,8.2,7,2,2,1,6,0,1,2.08,32,2,0,0,1,0,1,0,0,34,131,0.63,0.16,0.06,0.65,0.12,0.04,0.923,0.269,6.2,6.0,641712,2021
Tommy Hunter,34,1852,Maj-NL,New York,4,1,,,,8.0,4,0,0,3,6,0,1,0.0,27,1,0,0,0,0,0,0,0,33,109,0.65,0.16,0.06,0.5,0.23,0.05,0.875,0.19,6.8,2.0,488984,2021
Drew Hutchison,30,1714,Maj-AL,Detroit,9,2,3.0,1.0,,21.1,20,11,5,11,10,1,0,2.11,77,3,0,0,3,2,1,2,0,91,339,0.59,0.11,0.1,0.5,0.17,0.09,1.453,0.279,4.2,0.91,571800,2021
Cole Irvin,27,1714,Maj-AL,Oakland,32,32,10.0,15.0,,178.1,195,94,84,42,125,23,9,4.24,710,35,1,0,18,2,2,1,2,768,2682,0.68,0.16,0.09,0.39,0.28,0.07,1.329,0.305,6.3,2.98,608344,2021
Tyler Ivey,25,1849,Maj-AL,Houston,1,1,,,,4.2,6,4,4,1,3,1,0,7.71,19,1,0,0,0,0,1,0,0,20,79,0.7,0.23,0.06,0.31,0.19,0.06,1.5,0.333,5.8,3.0,663959,2021
Jay Jackson,33,1729,Maj-NL,San Francisco,23,1,2.0,1.0,,21.2,15,9,9,12,28,3,0,3.74,76,3,1,0,2,1,1,0,0,90,391,0.62,0.17,0.13,0.32,0.24,0.04,1.246,0.261,11.6,2.33,543351,2021
Cristian Javier,24,1684,Maj-AL,Houston,42,9,4.0,2.0,2.0,112.0,74,45,44,59,149,19,8,3.54,400,14,2,1,5,2,5,1,0,470,2006,0.6,0.14,0.13,0.27,0.26,0.11,1.188,0.235,12.0,2.53,664299,2021
Griffin Jax,26,1715,Maj-AL,Minnesota,18,14,4.0,5.0,,82.0,82,62,58,29,65,23,5,6.37,320,21,0,1,3,6,8,1,2,360,1394,0.64,0.16,0.1,0.32,0.19,0.07,1.354,0.248,7.1,2.24,643377,2021
Daulton Jefferies,25,1735,Maj-AL,Oakland,5,1,1.0,,,15.0,11,6,6,4,8,1,1,3.6,53,5,0,0,3,0,1,0,0,58,220,0.66,0.15,0.08,0.44,0.29,0.0,1.0,0.227,4.8,2.0,641726,2021
Pierce Johnson,30,1715,Maj-NL,San Diego,63,2,3.0,4.0,,58.2,47,21,21,27,77,6,1,3.22,214,14,0,3,7,2,2,1,0,244,1047,0.63,0.19,0.13,0.34,0.28,0.09,1.261,0.308,11.8,2.85,572955,2021
Jakob Junis,28,1747,Maj-AL,Kansas City,16,6,2.0,4.0,,39.1,43,24,23,12,41,7,0,5.26,154,7,0,0,3,2,0,1,0,168,627,0.65,0.19,0.11,0.43,0.24,0.05,1.398,0.333,9.4,3.42,596001,2021
Janson Junk,25,1718,Maj-AL,Los Angeles,4,4,,1.0,,16.1,20,11,7,2,10,5,0,3.86,68,1,0,0,1,0,2,0,0,71,247,0.66,0.17,0.09,0.39,0.2,0.07,1.347,0.283,5.5,5.0,676083,2021
James Kaprielian,27,1715,Maj-AL,Oakland,24,21,8.0,5.0,,119.1,105,55,54,41,123,19,5,4.07,451,24,4,0,8,3,9,0,1,502,2024,0.63,0.17,0.11,0.35,0.23,0.11,1.223,0.276,9.3,3.0,621076,2021
Anthony Kay,26,1790,Maj-AL,Toronto,11,5,1.0,2.0,,33.2,38,22,21,18,39,7,3,5.61,135,9,1,0,3,0,0,2,0,156,649,0.61,0.14,0.11,0.48,0.27,0.03,1.663,0.348,10.4,2.17,641743,2021
Scott Kazmir,37,1717,Maj-NL,San Francisco,5,4,,1.0,,11.1,15,9,8,6,10,3,0,6.35,48,3,0,1,1,0,0,0,0,55,207,0.64,0.14,0.09,0.47,0.24,0.03,1.853,0.343,7.9,1.67,431148,2021
Brad Keller,25,1752,Maj-AL,Kansas City,26,26,8.0,12.0,,133.2,158,89,80,64,120,18,7,5.39,532,27,2,1,14,9,5,4,0,613,2348,0.61,0.16,0.09,0.49,0.25,0.04,1.661,0.347,8.1,1.88,641745,2021
Mitch Keller,25,1714,Maj-NL,Pittsburgh,23,23,5.0,11.0,,100.2,131,69,69,49,92,10,7,6.17,407,29,2,1,13,4,8,3,1,470,1858,0.62,0.16,0.08,0.41,0.3,0.04,1.788,0.392,8.2,1.88,656605,2021
Joe Kelly,33,1696,Maj-NL,Los Angeles,55,1,3.0,,2.0,49.1,33,19,17,16,55,4,4,3.1,181,7,1,1,1,2,2,0,0,203,808,0.64,0.22,0.11,0.59,0.21,0.08,0.993,0.234,10.0,3.44,523260,2021
Merrill Kelly,32,1718,Maj-NL,Arizona,27,27,7.0,11.0,,158.0,163,82,78,41,130,21,4,4.44,612,31,4,3,9,4,9,4,2,667,2425,0.66,0.17,0.09,0.45,0.25,0.06,1.291,0.305,7.4,3.17,518876,2021
Clayton Kershaw,33,1716,Maj-NL,Los Angeles,22,22,10.0,8.0,,121.2,103,51,48,21,144,15,3,3.55,460,22,1,0,8,0,7,5,4,488,1806,0.67,0.16,0.17,0.5,0.19,0.07,1.019,0.292,10.7,6.86,477132,2021
Dallas Keuchel,33,1715,Maj-AL,Chicago,32,30,9.0,9.0,,162.0,189,105,95,59,95,25,7,5.28,652,34,5,1,21,1,2,4,1,720,2725,0.61,0.17,0.09,0.55,0.22,0.04,1.531,0.308,5.3,1.61,572971,2021
Yusei Kikuchi,30,1724,Maj-AL,Seattle,29,29,7.0,9.0,,157.0,145,82,77,62,163,27,5,4.41,597,28,2,0,17,1,4,3,1,666,2562,0.65,0.16,0.13,0.5,0.25,0.03,1.318,0.289,9.3,2.63,579328,2021
Kwang Hyun Kim,32,1715,Maj-NL,St. Louis,27,21,7.0,7.0,1.0,106.2,98,46,41,39,80,12,4,3.46,405,15,1,2,10,2,1,3,2,452,1784,0.62,0.18,0.09,0.48,0.22,0.06,1.284,0.273,6.8,2.05,547942,2021
Michael King,26,1715,Maj-AL,New York,22,6,2.0,4.0,,63.1,57,29,25,24,62,6,6,3.55,242,11,0,1,4,1,0,0,0,275,1009,0.65,0.18,0.11,0.46,0.3,0.04,1.279,0.291,8.8,2.58,650633,2021
Brandon Kintzler,36,1780,Maj-NL,Philadelphia,29,1,2.0,1.0,,29.2,45,23,21,8,22,7,1,6.37,131,8,1,2,5,1,2,0,0,141,512,0.64,0.18,0.07,0.58,0.25,0.03,1.787,0.369,6.7,2.75,445213,2021
Andrew Kittredge,31,1706,Maj-AL,Tampa Bay,59,4,9.0,3.0,8.0,75.0,57,21,15,15,79,7,3,1.8,273,11,0,5,5,1,4,1,1,293,1019,0.7,0.16,0.16,0.54,0.19,0.05,0.96,0.266,9.5,5.27,552640,2021
Corey Kluber,35,1717,Maj-AL,New York,16,16,5.0,3.0,,80.0,74,37,34,33,82,8,5,3.83,299,12,1,0,9,3,12,2,1,341,1338,0.64,0.17,0.12,0.44,0.24,0.08,1.338,0.311,9.2,2.48,446372,2021
Corey Knebel,29,1694,Maj-NL,Los Angeles,34,6,4.0,,3.0,31.1,21,10,9,10,41,2,0,2.59,113,4,0,1,1,1,3,0,0,124,502,0.66,0.16,0.14,0.44,0.23,0.07,0.989,0.268,11.8,4.1,608349,2021
Reiss Knehr,24,1714,Maj-NL,San Diego,12,5,1.0,2.0,,29.0,23,16,16,20,20,2,2,4.97,104,7,1,1,1,3,3,0,0,129,513,0.6,0.13,0.1,0.36,0.25,0.06,1.483,0.247,6.2,1.0,663753,2021
Michael Kopech,25,1705,Maj-AL,Chicago,46,4,5.0,3.0,,72.1,61,33,33,25,108,10,1,4.11,273,7,4,1,3,3,12,0,0,302,1225,0.65,0.19,0.14,0.42,0.21,0.1,1.189,0.323,13.4,4.32,656629,2021
Jackson Kowar,24,1714,Maj-AL,Kansas City,9,8,,6.0,,30.1,43,38,38,20,29,7,2,11.27,128,11,0,0,1,4,2,0,1,154,631,0.58,0.16,0.1,0.35,0.32,0.04,2.077,0.375,8.6,1.45,663804,2021
Max Kranick,23,1715,Maj-NL,Pittsburgh,9,9,2.0,3.0,,38.2,47,28,27,19,32,4,4,6.28,156,14,0,3,2,2,3,1,0,182,674,0.64,0.11,0.13,0.35,0.27,0.1,1.707,0.352,7.4,1.68,668820,2021
Dean Kremer,25,1736,Maj-AL,Baltimore,13,13,,7.0,,53.2,63,46,45,25,47,17,1,7.55,216,13,0,0,5,3,0,1,0,245,986,0.61,0.15,0.08,0.3,0.26,0.15,1.64,0.297,7.9,1.88,665152,2021
Chad Kuhl,28,1714,Maj-NL,Pittsburgh,28,14,5.0,7.0,,80.1,73,50,43,42,75,13,9,4.82,290,17,0,0,17,6,5,2,3,349,1436,0.58,0.17,0.11,0.45,0.25,0.04,1.432,0.288,8.4,1.79,641771,2021
Travis Lakins Sr.,27,1810,Maj-AL,Baltimore,24,1,1.0,4.0,,28.0,23,20,18,17,24,4,1,5.79,104,2,0,0,2,1,3,1,0,123,501,0.61,0.17,0.1,0.41,0.23,0.09,1.429,0.247,7.7,1.41,664042,2021
Jimmy Lambert,26,1740,Maj-AL,Chicago,4,3,1.0,1.0,,13.0,16,9,9,6,10,3,2,6.23,51,3,0,0,2,1,2,0,0,60,246,0.61,0.13,0.07,0.21,0.29,0.14,1.692,0.333,6.9,1.67,669424,2021
Peter Lambert,24,1718,Maj-NL,Colorado,2,2,,,,5.2,12,7,7,2,3,2,0,11.12,28,2,0,0,0,0,0,0,1,30,123,0.6,0.15,0.1,0.52,0.2,0.0,2.471,0.435,4.8,1.5,663567,2021
Dinelson Lamet,28,1714,Maj-NL,San Diego,22,9,2.0,4.0,,47.0,48,24,23,22,57,6,2,4.4,183,10,0,0,4,1,4,0,0,209,832,0.65,0.16,0.15,0.4,0.23,0.12,1.489,0.347,10.9,2.59,659275,2021
Jacob Latz,25,1753,Maj-AL,Texas,1,1,,1.0,,4.2,5,3,3,0,4,3,0,5.79,19,0,0,0,0,0,0,0,0,19,84,0.68,0.15,0.11,0.2,0.27,0.13,1.071,0.167,7.7,,656641,2021
Eric Lauer,26,1705,Maj-NL,Milwaukee,25,21,7.0,5.0,,122.1,98,48,44,43,119,16,3,3.24,452,14,1,1,3,2,3,1,6,506,2030,0.64,0.15,0.11,0.37,0.24,0.07,1.153,0.257,8.8,2.77,641778,2021
Wade LeBlanc,36,1766,"Maj-AL,Maj-NL","Baltimore,St. Louis",18,9,,2.0,,49.0,56,24,24,17,29,8,4,4.41,198,13,1,3,2,0,0,1,0,221,794,0.63,0.17,0.09,0.37,0.29,0.08,1.49,0.298,5.3,1.71,453281,2021
Dylan Lee,26,1687,Maj-NL,Atlanta,5,1,,,,5.0,7,4,4,2,7,2,0,7.2,23,0,1,0,1,0,2,0,0,25,95,0.72,0.13,0.15,0.31,0.25,0.13,1.8,0.357,12.6,3.5,669276,2021
Dominic Leone,29,1705,Maj-NL,San Francisco,59,4,4.0,5.0,2.0,55.1,41,18,12,24,51,2,1,1.95,199,11,0,1,5,2,0,0,0,230,887,0.62,0.15,0.13,0.49,0.19,0.06,1.175,0.264,8.3,2.13,608678,2021
Jon Lester,37,1715,Maj-NL,"St. Louis,Washington",28,28,7.0,6.0,,141.1,159,84,74,55,91,25,3,4.71,558,33,0,5,14,5,11,5,1,627,2380,0.61,0.15,0.09,0.45,0.24,0.05,1.514,0.3,5.8,1.65,452657,2021
Zack Littell,25,1705,Maj-NL,San Francisco,65,2,4.0,,2.0,64.1,52,27,23,24,68,8,2,3.22,236,12,2,1,4,2,1,1,1,266,1043,0.65,0.13,0.14,0.49,0.17,0.05,1.181,0.272,9.5,2.83,641793,2021
Sam Long,25,1731,Maj-NL,San Francisco,12,5,2.0,1.0,,40.2,37,27,25,15,38,5,3,5.53,156,10,1,0,3,2,3,1,1,176,732,0.65,0.17,0.09,0.39,0.21,0.04,1.279,0.278,8.4,2.53,669674,2021
Jorge Lopez,28,1741,Maj-AL,Baltimore,33,25,3.0,14.0,,121.2,142,83,82,56,112,21,10,6.07,485,28,1,2,14,3,2,3,0,555,2166,0.62,0.18,0.08,0.51,0.25,0.04,1.627,0.341,8.3,2.0,605347,2021
Pablo Lopez,25,1714,Maj-NL,Miami,20,20,5.0,5.0,,102.2,89,37,35,26,115,11,7,3.07,382,21,2,1,10,2,2,1,0,418,1669,0.67,0.16,0.12,0.47,0.27,0.06,1.12,0.302,10.1,4.42,641154,2021
Reynaldo Lopez,27,1710,Maj-AL,Chicago,21,9,4.0,4.0,,59.2,43,28,23,14,57,11,0,3.47,212,12,1,0,1,4,2,6,4,230,965,0.64,0.15,0.12,0.39,0.26,0.07,0.955,0.216,8.6,4.07,625643,2021
Aaron Loup,33,1718,Maj-NL,New York,65,2,6.0,,,56.2,37,9,6,16,57,1,4,0.95,193,4,1,0,10,4,2,2,0,218,833,0.66,0.19,0.12,0.53,0.26,0.02,0.935,0.259,9.1,3.56,571901,2021
Zac Lowther,25,1718,Maj-AL,Baltimore,10,6,1.0,3.0,,29.2,36,23,22,13,30,6,4,6.67,121,6,0,0,3,0,0,0,0,138,571,0.62,0.18,0.1,0.44,0.22,0.04,1.652,0.353,9.1,2.31,675912,2021
Joey Lucchesi,28,1821,Maj-NL,New York,11,8,1.0,4.0,,38.1,34,20,19,11,41,4,2,4.46,139,8,2,0,6,2,2,1,2,157,646,0.63,0.18,0.1,0.42,0.21,0.08,1.174,0.313,9.6,3.73,664192,2021
Lucas Luetge,34,1715,Maj-AL,New York,57,1,4.0,2.0,1.0,72.1,67,30,22,15,78,6,3,2.74,281,14,1,1,3,1,5,0,0,301,1241,0.62,0.12,0.13,0.43,0.23,0.08,1.134,0.308,9.7,5.2,476595,2021
Jesus Luzardo,23,1715,"Maj-AL,Maj-NL","Miami,Oakland",25,18,6.0,9.0,,95.1,106,73,70,48,98,20,4,6.61,378,24,4,1,8,5,3,1,1,437,1727,0.61,0.14,0.13,0.39,0.26,0.06,1.615,0.325,9.3,2.04,666200,2021
Jordan Lyles,30,1715,Maj-AL,Texas,32,30,10.0,13.0,,180.0,194,104,103,56,146,38,7,5.15,697,34,3,0,18,7,20,3,0,769,2964,0.64,0.16,0.11,0.39,0.25,0.07,1.389,0.3,7.3,2.61,543475,2021
Daniel Lynch IV,24,1718,Maj-AL,Kansas City,15,15,4.0,6.0,,68.0,80,46,43,31,55,9,4,5.69,271,15,2,0,8,4,2,0,0,311,1252,0.61,0.14,0.11,0.4,0.25,0.08,1.632,0.336,7.3,1.77,663738,2021
Lance Lynn,34,1710,Maj-AL,Chicago,29,29,11.0,7.0,,160.2,129,57,52,47,180,18,2,2.91,605,22,1,2,6,2,15,3,1,661,2684,0.64,0.14,0.12,0.4,0.21,0.09,1.095,0.271,10.1,3.83,458681,2021
Kenta Maeda,33,1757,Maj-AL,Minnesota,21,21,6.0,5.0,,106.1,106,60,55,32,113,16,7,4.66,411,20,2,1,9,1,3,1,0,453,1774,0.64,0.15,0.14,0.4,0.26,0.09,1.298,0.318,9.6,3.53,628317,2021
Tyler Mahle,26,1715,Maj-NL,Cincinnati,33,33,13.0,6.0,,180.0,158,78,75,64,210,24,10,3.75,674,31,3,0,9,2,2,3,1,759,3196,0.63,0.18,0.11,0.44,0.24,0.08,1.233,0.303,10.5,3.28,641816,2021
Sean Manaea,29,1716,Maj-AL,Oakland,32,32,11.0,10.0,,179.1,179,79,78,41,194,25,9,3.91,702,33,2,0,10,1,3,2,0,754,2980,0.68,0.16,0.12,0.43,0.25,0.08,1.227,0.318,9.7,4.73,640455,2021
Matt Manning,23,1715,Maj-AL,Detroit,18,18,4.0,7.0,,85.1,96,59,55,33,57,10,3,5.8,344,23,2,0,3,4,7,2,0,385,1421,0.65,0.17,0.07,0.45,0.24,0.05,1.512,0.306,6.0,1.73,666159,2021
Alek Manoah,23,1715,Maj-AL,Toronto,20,20,9.0,2.0,,111.2,77,44,40,40,127,12,16,3.22,401,13,0,0,10,2,0,1,1,459,1845,0.64,0.16,0.13,0.39,0.22,0.09,1.048,0.246,10.2,3.18,666201,2021
Nick Margevicius,25,1875,Maj-AL,Seattle,5,3,,2.0,,12.0,13,16,11,7,12,2,1,8.25,52,4,0,0,0,0,1,0,0,60,263,0.63,0.18,0.07,0.4,0.25,0.05,1.667,0.289,9.0,1.71,676606,2021
German Marquez,26,1720,Maj-NL,Colorado,32,32,12.0,11.0,,180.0,165,92,88,64,176,21,4,4.4,682,35,1,5,16,0,8,4,2,756,2788,0.64,0.16,0.12,0.53,0.24,0.03,1.272,0.297,8.8,2.75,608566,2021
Corbin Martin,25,1814,Maj-NL,Arizona,5,3,,3.0,,16.0,23,19,19,14,13,5,1,10.69,68,5,1,0,1,1,0,0,0,86,342,0.59,0.14,0.08,0.34,0.29,0.07,2.313,0.353,7.3,0.93,656686,2021
Carlos Martinez,29,1805,Maj-NL,St. Louis,16,16,4.0,9.0,,82.1,77,58,57,36,57,8,11,6.23,313,17,2,2,7,2,4,1,1,363,1280,0.64,0.17,0.08,0.52,0.21,0.05,1.372,0.276,6.2,1.58,593372,2021
Phil Maton,28,1684,Maj-AL,"Cleveland,Houston",77,1,6.0,,,79.0,74,37,36,35,99,7,6,4.1,299,23,2,1,3,5,5,3,3,346,1354,0.65,0.15,0.17,0.39,0.27,0.06,1.38,0.338,11.3,2.83,664208,2021
Steven Matz,30,1716,Maj-AL,Toronto,29,29,14.0,7.0,,150.2,158,70,64,43,144,18,6,3.82,597,24,3,0,15,1,6,1,1,647,2557,0.65,0.18,0.1,0.46,0.24,0.05,1.334,0.321,8.6,3.35,571927,2021
Dustin May,23,1869,Maj-NL,Los Angeles,5,5,1.0,1.0,,23.0,16,8,7,6,35,4,1,2.74,86,2,0,0,0,0,2,1,0,93,369,0.66,0.2,0.14,0.57,0.22,0.02,0.957,0.255,13.7,5.83,669160,2021
Mike Mayers,29,1714,Maj-AL,Los Angeles,72,2,5.0,5.0,2.0,75.0,71,32,32,26,90,11,3,3.84,284,14,2,0,6,1,2,1,0,315,1236,0.64,0.16,0.13,0.39,0.23,0.07,1.293,0.326,10.8,3.46,594577,2021
Darren McCaughan,25,1783,Maj-AL,Seattle,2,1,,,,9.0,8,8,8,4,2,3,1,8.0,32,2,0,0,1,1,0,0,0,39,147,0.62,0.24,0.01,0.53,0.16,0.06,1.333,0.179,2.0,0.5,670766,2021
Shane McClanahan,24,1706,Maj-AL,Tampa Bay,27,26,11.0,6.0,,129.0,130,54,52,38,144,15,2,3.63,503,24,0,0,13,0,8,3,1,545,2064,0.67,0.17,0.14,0.47,0.27,0.05,1.302,0.334,10.0,3.79,663556,2021
Lance McCullers Jr.,27,1705,Maj-AL,Houston,30,30,14.0,5.0,,173.0,131,60,58,79,194,14,11,3.02,634,27,3,0,13,1,2,7,0,726,2965,0.61,0.2,0.12,0.57,0.2,0.03,1.214,0.274,10.1,2.46,621121,2021
Collin McHugh,34,1706,Maj-AL,Tampa Bay,39,8,6.0,2.0,1.0,67.2,51,18,14,13,76,5,2,1.86,246,6,2,2,8,0,0,0,1,262,1027,0.69,0.2,0.13,0.42,0.22,0.08,0.946,0.279,10.1,5.85,543521,2021
Triston McKenzie,23,1715,Maj-AL,Cleveland,25,24,5.0,9.0,,120.0,84,66,66,58,136,21,3,4.95,433,19,0,0,6,1,5,3,3,495,1975,0.63,0.15,0.13,0.3,0.29,0.1,1.183,0.227,10.2,2.34,663474,2021
John Means,28,1715,Maj-AL,Baltimore,26,26,6.0,9.0,,146.2,125,64,59,26,134,30,4,3.62,557,21,1,0,7,2,0,2,1,590,2328,0.65,0.15,0.12,0.33,0.23,0.13,1.03,0.241,8.2,5.15,607644,2021
Adonis Medina,24,1714,Maj-NL,Philadelphia,4,1,,,,7.2,9,3,3,4,6,0,3,3.52,29,3,0,0,2,0,1,0,0,36,137,0.58,0.19,0.09,0.48,0.35,0.17,1.696,0.391,7.0,1.5,658431,2021
Tylor Megill,25,1716,Maj-NL,New York,18,18,4.0,6.0,,89.2,88,46,45,27,99,19,2,4.52,345,14,1,0,8,2,3,0,1,379,1554,0.65,0.15,0.12,0.44,0.18,0.08,1.283,0.301,9.9,3.67,656731,2021
Humberto Mejia,24,1714,Maj-NL,Arizona,5,5,,3.0,,22.1,32,19,18,9,20,5,0,7.25,94,13,3,1,1,1,1,0,0,105,421,0.64,0.13,0.1,0.32,0.34,0.07,1.836,0.386,8.1,2.22,650668,2021
J.C. Mejia,24,1724,Maj-AL,Cleveland,17,11,1.0,7.0,,52.1,60,48,48,24,47,13,3,8.25,210,14,0,0,9,0,1,0,0,238,982,0.62,0.16,0.09,0.48,0.22,0.05,1.605,0.313,8.1,1.96,650496,2021
Conner Menez,26,1820,Maj-NL,San Francisco,8,1,1.0,,,14.0,16,10,6,3,15,2,0,3.86,58,3,1,0,0,1,0,0,0,62,247,0.68,0.16,0.11,0.59,0.25,0.05,1.357,0.333,9.6,5.0,669214,2021
Julian Merryweather,29,1714,Maj-AL,Toronto,13,1,,1.0,2.0,13.0,13,7,7,4,12,4,1,4.85,49,0,0,0,1,1,0,0,0,55,217,0.68,0.19,0.11,0.41,0.18,0.08,1.308,0.265,8.3,3.0,657240,2021
Keynan Middleton,27,1756,Maj-AL,Seattle,32,1,1.0,2.0,4.0,31.0,30,20,17,19,24,2,2,4.94,119,8,0,1,3,0,8,0,0,140,530,0.65,0.12,0.14,0.32,0.27,0.16,1.581,0.301,7.0,1.26,641871,2021
Miles Mikolas,32,1718,Maj-NL,St. Louis,9,9,2.0,3.0,,44.2,43,24,21,11,31,6,2,4.23,170,8,0,0,4,1,0,0,1,186,709,0.68,0.19,0.08,0.54,0.18,0.06,1.209,0.276,6.2,2.82,571945,2021
Wade Miley,34,1728,Maj-NL,Cincinnati,28,28,12.0,7.0,,163.0,166,64,61,50,125,17,3,3.37,627,35,2,0,16,2,2,3,7,690,2592,0.63,0.15,0.1,0.51,0.26,0.04,1.325,0.306,6.9,2.5,489119,2021
Alec Mills,29,1714,Maj-NL,Chicago,32,20,6.0,7.0,1.0,119.0,137,75,67,34,87,16,7,5.07,470,27,0,2,18,2,7,1,1,517,1934,0.64,0.18,0.08,0.52,0.24,0.04,1.437,0.328,6.6,2.56,621219,2021
Tommy Milone,34,1869,Maj-AL,Toronto,6,1,1.0,,1.0,14.0,20,10,10,3,17,3,0,6.43,62,5,1,0,1,0,0,0,0,65,241,0.64,0.16,0.12,0.4,0.31,0.04,1.643,0.405,10.9,5.67,543548,2021
Mike Minor,33,1739,Maj-AL,Kansas City,28,28,8.0,12.0,,158.2,156,92,89,41,149,26,5,5.05,619,35,4,0,9,2,3,3,1,669,2621,0.65,0.16,0.11,0.39,0.23,0.11,1.242,0.291,8.5,3.63,501985,2021
Casey Mize,24,1718,Maj-AL,Detroit,30,30,7.0,9.0,,150.1,130,64,62,41,118,24,11,3.71,555,20,5,0,17,4,3,6,0,612,2357,0.63,0.17,0.09,0.49,0.19,0.05,1.137,0.254,7.1,2.88,663554,2021
Frankie Montas,28,1718,Maj-AL,Oakland,32,32,13.0,9.0,,187.0,164,79,70,57,207,20,7,3.37,707,33,3,1,12,4,6,5,0,778,3028,0.66,0.16,0.14,0.43,0.26,0.05,1.182,0.298,10.0,3.63,593423,2021
Jordan Montgomery,28,1715,Maj-AL,New York,30,30,6.0,7.0,,157.1,150,73,67,51,162,19,2,3.83,600,21,0,0,9,7,7,5,3,661,2569,0.65,0.15,0.14,0.43,0.25,0.07,1.278,0.308,9.3,3.18,656756,2021
Matt Moore,32,1731,Maj-NL,Philadelphia,24,13,2.0,4.0,,73.0,78,54,51,38,63,15,2,6.29,285,22,0,4,4,1,1,0,2,334,1253,0.63,0.16,0.09,0.41,0.23,0.06,1.589,0.303,7.8,1.66,519043,2021
Adrian Morejon,22,1889,Maj-NL,San Diego,2,2,,,,4.2,5,2,2,2,3,2,0,3.86,18,0,0,0,1,0,0,0,0,20,80,0.64,0.15,0.15,0.53,0.27,0.0,1.5,0.231,5.8,1.5,670970,2021
Eli Morgan,25,1716,Maj-AL,Cleveland,18,18,5.0,7.0,,89.1,90,54,53,22,81,20,4,5.34,348,24,0,0,8,1,2,0,0,379,1414,0.66,0.16,0.11,0.31,0.26,0.08,1.254,0.282,8.2,3.68,669212,2021
Charlie Morton,37,1691,Maj-NL,Atlanta,37,37,14.0,7.0,,202.1,147,83,75,68,238,18,19,3.34,729,17,3,1,12,6,9,0,4,828,3281,0.64,0.19,0.12,0.49,0.26,0.05,1.063,0.269,10.6,3.5,450203,2021
Kyle Muller,23,1766,Maj-NL,Atlanta,9,8,2.0,4.0,,36.2,26,17,17,20,37,2,2,4.17,129,6,0,1,3,2,2,0,0,155,677,0.61,0.16,0.13,0.41,0.29,0.05,1.255,0.261,9.1,1.85,666205,2021
Joe Musgrove,28,1715,Maj-NL,San Diego,32,31,11.0,9.0,,181.1,142,68,64,54,203,22,18,3.18,667,27,4,3,13,6,6,1,0,748,2938,0.66,0.19,0.13,0.45,0.22,0.06,1.081,0.268,10.1,3.76,605397,2021
Packy Naughton,25,1719,Maj-AL,Los Angeles,7,5,,4.0,,22.2,27,18,16,14,12,3,1,6.35,93,3,0,1,3,0,0,0,0,108,383,0.61,0.14,0.1,0.52,0.28,0.05,1.809,0.308,4.8,0.86,676050,2021
Nick Neidert,24,1759,Maj-NL,Miami,8,7,1.0,2.0,,35.2,31,18,18,23,21,4,5,4.54,126,8,0,1,9,2,1,0,0,157,598,0.62,0.16,0.08,0.36,0.23,0.09,1.514,0.262,5.3,0.91,663734,2021
Jimmy Nelson,32,1779,Maj-NL,Los Angeles,28,1,1.0,2.0,,29.0,14,8,6,13,44,0,4,1.86,98,4,0,0,2,0,5,0,0,116,523,0.6,0.18,0.15,0.38,0.22,0.13,0.931,0.259,13.7,3.38,519076,2021
Nick Nelson,25,1768,Maj-AL,New York,11,2,,2.0,,14.1,15,16,14,16,22,0,3,8.79,57,7,1,0,0,2,1,0,0,78,338,0.59,0.14,0.13,0.35,0.49,0.03,2.163,0.405,13.8,1.38,656793,2021
Ljay Newsome,24,1862,Maj-AL,Seattle,7,1,1.0,1.0,,14.2,20,14,13,3,16,5,0,7.98,63,5,0,1,0,1,3,0,1,69,274,0.7,0.14,0.12,0.33,0.31,0.04,1.568,0.349,9.8,5.33,664714,2021
Aaron Nola,28,1718,Maj-NL,Philadelphia,32,32,9.0,9.0,,180.2,165,95,93,39,223,26,9,4.63,696,29,5,1,12,2,7,2,1,749,2971,0.68,0.18,0.13,0.42,0.24,0.07,1.129,0.31,11.1,5.72,605400,2021
Sean Nolin,31,1716,Maj-NL,Washington,10,5,,2.0,,26.2,32,13,13,13,20,4,2,4.39,106,5,2,0,1,1,2,1,0,123,499,0.62,0.15,0.09,0.38,0.26,0.05,1.688,0.337,6.8,1.54,543594,2021
Darien Nunez,28,1763,Maj-NL,Los Angeles,6,1,,1.0,,7.2,8,8,7,4,8,3,0,8.22,29,2,0,0,1,0,1,1,1,33,127,0.61,0.11,0.17,0.43,0.1,0.0,1.565,0.278,9.4,2.0,628345,2021
Riley O\'Brien,26,1719,Maj-NL,Cincinnati,1,1,,1.0,,1.1,2,2,2,3,2,2,0,13.5,6,0,0,0,0,0,0,0,0,9,42,0.52,0.1,0.17,0.5,0.25,0.0,3.75,0.0,13.5,0.67,676617,2021
Bailey Ober,25,1723,Maj-AL,Minnesota,20,20,3.0,3.0,,92.1,92,45,43,19,96,20,1,4.19,356,16,3,0,7,3,3,3,0,379,1476,0.67,0.17,0.12,0.34,0.22,0.09,1.202,0.296,9.4,5.05,641927,2021
Jake Odorizzi,31,1691,Maj-AL,Houston,26,23,6.0,7.0,,111.0,105,55,53,34,101,18,3,4.3,427,21,3,1,2,1,3,2,2,469,1971,0.63,0.14,0.09,0.37,0.23,0.08,1.252,0.282,8.2,2.97,543606,2021
Shohei Ohtani,26,1721,Maj-AL,Los Angeles,23,23,9.0,2.0,,130.1,98,48,46,44,156,15,10,3.18,473,23,0,2,8,4,2,2,1,533,2027,0.64,0.16,0.13,0.46,0.22,0.07,1.09,0.271,10.8,3.55,660271,2021
Corey Oswalt,27,1805,Maj-NL,New York,3,1,1.0,1.0,,10.1,12,4,4,2,10,1,0,3.48,40,4,0,0,0,0,0,2,1,42,156,0.7,0.13,0.16,0.23,0.4,0.07,1.355,0.379,8.7,5.0,621261,2021
Glenn Otto,25,1717,Maj-AL,Texas,6,6,,3.0,,23.1,32,24,24,8,28,2,2,9.26,100,7,2,0,1,0,3,0,0,111,448,0.69,0.19,0.09,0.45,0.33,0.04,1.714,0.429,10.8,3.5,657248,2021
Connor Overton,27,1720,"Maj-AL,Maj-NL","Pittsburgh,Toronto",9,3,,1.0,,15.1,14,8,8,5,15,2,0,4.7,56,3,0,0,0,2,0,0,0,63,274,0.66,0.15,0.12,0.35,0.33,0.07,1.239,0.293,8.8,3.0,656818,2021
Johan Oviedo,23,1784,Maj-NL,St. Louis,14,13,,5.0,,62.1,61,39,34,37,51,8,6,4.91,243,13,1,2,5,1,2,1,1,288,1086,0.61,0.16,0.11,0.51,0.21,0.04,1.572,0.286,7.4,1.38,670912,2021
Luis Oviedo,22,1735,Maj-NL,Pittsburgh,22,1,1.0,2.0,,29.2,33,32,29,26,31,4,2,8.8,117,8,1,1,4,2,5,0,0,147,580,0.57,0.17,0.11,0.43,0.27,0.03,1.989,0.345,9.4,1.19,665854,2021
Chris Paddack,25,1736,Maj-NL,San Diego,23,22,7.0,7.0,,108.1,115,67,61,22,99,15,1,5.07,427,22,4,1,7,2,5,2,0,459,1869,0.66,0.16,0.11,0.45,0.24,0.04,1.265,0.317,8.2,4.5,663978,2021
Luis Patino,21,1706,Maj-AL,Tampa Bay,21,15,5.0,4.0,,79.2,71,42,39,30,76,13,3,4.41,307,12,0,2,4,3,2,0,0,343,1396,0.64,0.13,0.11,0.32,0.26,0.12,1.268,0.262,8.6,2.53,672715,2021
James Paxton,32,1894,Maj-AL,Seattle,1,1,,,,1.1,0,1,1,1,2,0,0,6.75,4,0,0,0,0,0,0,0,0,5,21,0.62,0.1,0.1,0.5,0.0,0.5,0.75,0.0,13.5,2.0,572020,2021
Joel Payamps,27,1714,Maj-AL,"Kansas City,Toronto",37,1,1.0,3.0,,50.1,44,22,19,14,38,6,1,3.4,190,10,0,2,4,0,0,1,0,205,831,0.64,0.15,0.11,0.45,0.18,0.1,1.152,0.26,6.8,2.71,606303,2021
Brad Peacock,33,1740,Maj-AL,Boston,2,1,,1.0,,5.1,6,9,9,3,3,2,1,15.19,22,2,0,0,0,0,0,0,0,26,95,0.57,0.13,0.07,0.26,0.16,0.05,1.688,0.235,5.1,1.0,502748,2021
Matt Peacock,27,1744,Maj-NL,Arizona,35,8,5.0,7.0,,86.1,107,55,47,28,50,13,1,4.9,352,22,3,5,7,3,1,2,1,386,1329,0.63,0.16,0.08,0.6,0.2,0.04,1.564,0.322,5.2,1.79,676840,2021
Nate Pearson,24,1714,Maj-AL,Toronto,12,1,1.0,1.0,,15.0,14,8,7,12,20,2,0,4.2,59,1,1,1,1,0,0,0,0,71,301,0.57,0.19,0.13,0.41,0.13,0.1,1.733,0.324,12.0,1.67,663878,2021
Freddy Peralta,25,1706,Maj-NL,Milwaukee,29,28,10.0,5.0,,148.1,87,47,45,57,200,14,11,2.73,524,23,3,1,4,1,7,4,0,595,2413,0.62,0.17,0.15,0.34,0.22,0.11,0.971,0.235,12.1,3.51,642547,2021
Wandy Peralta,29,1714,"Maj-AL,Maj-NL","New York,San Francisco",56,1,5.0,4.0,5.0,51.0,49,24,19,21,43,6,1,3.35,195,6,1,1,6,2,0,0,0,219,808,0.64,0.14,0.15,0.58,0.23,0.05,1.373,0.291,7.6,2.05,593974,2021
Wily Peralta,32,1716,Maj-AL,Detroit,19,18,4.0,5.0,,93.2,87,41,32,38,58,12,4,3.07,352,17,3,0,10,5,7,2,1,402,1554,0.6,0.15,0.09,0.51,0.23,0.05,1.335,0.261,5.6,1.53,503449,2021
Martin Perez,30,1697,Maj-AL,Boston,40,22,7.0,8.0,,117.0,142,76,64,40,97,19,9,4.92,472,25,2,4,13,4,4,3,0,526,1907,0.64,0.18,0.08,0.45,0.27,0.05,1.556,0.342,7.5,2.43,527048,2021
Dillon Peters,28,1727,Maj-NL,Pittsburgh,6,6,1.0,2.0,,26.2,26,12,11,10,23,2,1,3.71,106,8,2,0,1,0,1,0,0,117,443,0.67,0.16,0.12,0.48,0.25,0.06,1.35,0.296,7.8,2.3,596071,2021
David Peterson,25,1809,Maj-NL,New York,15,15,2.0,6.0,,66.2,64,44,41,29,69,11,5,5.54,251,15,1,0,9,0,2,3,2,287,1122,0.63,0.16,0.11,0.5,0.27,0.03,1.395,0.31,9.3,2.38,656849,2021
David Phelps,34,1868,Maj-AL,Toronto,11,1,,,,10.1,8,2,1,4,15,0,1,0.87,37,1,0,0,2,0,0,0,0,42,189,0.59,0.19,0.11,0.41,0.27,0.14,1.161,0.364,13.1,3.75,475479,2021
Michael Pineda,32,1718,Maj-AL,Minnesota,22,21,9.0,8.0,,109.1,114,49,44,21,88,17,2,3.62,430,26,2,1,7,2,10,5,1,458,1706,0.69,0.17,0.11,0.41,0.26,0.07,1.235,0.297,7.2,4.19,501381,2021
Nick Pivetta,28,1698,Maj-AL,Boston,34,31,10.0,8.0,1.0,168.2,146,84,82,70,189,27,5,4.38,633,33,2,2,12,4,12,1,3,714,2950,0.64,0.16,0.11,0.38,0.21,0.09,1.281,0.283,10.1,2.7,601713,2021
Zach Plesac,26,1718,Maj-AL,Cleveland,25,25,10.0,6.0,,142.2,137,79,74,34,100,23,7,4.67,552,33,1,1,10,3,3,1,3,598,2205,0.66,0.15,0.11,0.45,0.22,0.05,1.199,0.264,6.3,2.94,668676,2021
Adam Plutko,29,1764,Maj-AL,Baltimore,38,1,1.0,2.0,1.0,56.1,65,43,42,27,44,17,3,6.71,220,15,2,1,6,4,0,2,0,255,1014,0.59,0.12,0.1,0.3,0.24,0.08,1.633,0.294,7.0,1.63,592644,2021
Daniel Ponce de Leon,29,1733,Maj-NL,St. Louis,24,2,1.0,1.0,2.0,33.1,32,24,23,22,24,5,5,6.21,127,12,0,1,0,3,0,0,1,158,652,0.6,0.13,0.09,0.37,0.17,0.08,1.62,0.267,6.5,1.09,594965,2021
Cody Ponce,27,1714,Maj-NL,Pittsburgh,15,2,,6.0,,38.1,56,34,30,11,36,8,1,7.04,163,18,1,1,5,3,2,0,0,179,712,0.67,0.18,0.11,0.44,0.25,0.05,1.748,0.393,8.5,3.27,664074,2021
Cody Poteet,26,1815,Maj-NL,Miami,7,7,2.0,3.0,,30.2,25,17,17,16,32,7,0,4.99,116,7,0,0,2,0,2,0,0,132,548,0.63,0.16,0.11,0.35,0.23,0.13,1.337,0.234,9.4,2.0,547001,2021
David Price,35,1715,Maj-NL,Los Angeles,39,11,5.0,2.0,1.0,73.2,79,35,33,26,58,8,4,4.03,290,19,1,2,8,2,1,2,1,326,1178,0.67,0.18,0.09,0.51,0.26,0.07,1.425,0.314,7.1,2.23,456034,2021
Cal Quantrill,26,1720,Maj-AL,Cleveland,40,22,8.0,3.0,,149.2,129,55,48,47,121,16,9,2.89,552,23,3,0,18,4,6,1,0,616,2357,0.63,0.16,0.09,0.44,0.25,0.08,1.176,0.27,7.3,2.57,615698,2021
Jose Quintana,32,1724,"Maj-AL,Maj-NL","Los Angeles,San Francisco",29,10,,3.0,,63.0,74,50,45,35,85,12,1,6.43,259,15,0,1,2,2,5,1,2,297,1240,0.61,0.15,0.12,0.46,0.29,0.06,1.73,0.378,12.1,2.43,500779,2021
Drew Rasmussen,25,1707,"Maj-AL,Maj-NL","Milwaukee,Tampa Bay",36,11,4.0,1.0,1.0,78.0,63,30,27,25,74,6,0,3.12,291,10,2,2,4,1,4,0,1,318,1235,0.65,0.18,0.11,0.47,0.26,0.05,1.128,0.269,8.5,2.96,656876,2021
Robbie Ray,29,1717,Maj-AL,Toronto,32,32,13.0,7.0,,193.1,150,62,61,52,248,33,4,2.84,714,31,3,0,12,2,25,4,2,773,3141,0.66,0.14,0.16,0.37,0.24,0.1,1.045,0.269,11.5,4.77,592662,2021
Jake Reed,28,1732,Maj-NL,"Los Angeles,New York",10,1,,1.0,,10.0,10,6,4,2,10,1,0,3.6,40,1,0,1,0,0,1,0,0,43,160,0.68,0.21,0.13,0.42,0.32,0.03,1.2,0.31,9.0,5.0,596082,2021
Garrett Richards,33,1710,Maj-AL,Boston,41,22,7.0,8.0,3.0,137.0,158,86,74,60,115,19,5,4.86,548,35,3,1,17,5,7,2,2,618,2334,0.64,0.15,0.1,0.48,0.24,0.07,1.591,0.332,7.6,1.92,572070,2021
Tanner Roark,34,1882,Maj-AL,Toronto,3,1,,1.0,,7.0,7,7,5,2,5,3,0,6.43,29,1,0,0,0,0,4,0,0,31,131,0.61,0.16,0.07,0.38,0.29,0.04,1.286,0.19,6.4,2.5,543699,2021
David Robertson,36,1707,Maj-AL,Tampa Bay,15,1,,,,16.0,14,7,6,5,18,2,0,3.38,61,4,0,0,0,0,0,1,1,66,282,0.66,0.21,0.1,0.4,0.23,0.07,1.188,0.293,10.1,3.6,502085,2021
Carlos Rodon,28,1705,Maj-AL,Chicago,25,25,13.0,6.0,,135.1,94,41,37,38,188,13,9,2.46,492,17,1,1,5,5,12,0,1,548,2275,0.66,0.15,0.15,0.38,0.22,0.1,0.975,0.274,12.5,4.95,607074,2021
Chris Rodriguez,22,1768,Maj-AL,Los Angeles,15,2,2.0,1.0,,29.2,28,14,12,15,29,0,4,3.64,115,8,0,0,2,0,4,1,1,134,505,0.62,0.2,0.1,0.55,0.24,0.01,1.449,0.326,8.8,1.93,669735,2021
Eduardo Rodriguez,28,1699,Maj-AL,Boston,35,34,14.0,9.0,,170.1,182,94,90,49,199,20,2,4.76,670,44,1,0,14,2,2,2,1,725,2937,0.65,0.16,0.11,0.44,0.25,0.08,1.356,0.358,10.5,4.06,593958,2021
Jefry Rodriguez,27,1756,Maj-NL,Washington,14,1,,,,24.1,25,16,16,17,20,6,1,5.92,94,1,0,0,4,0,0,1,0,112,414,0.6,0.14,0.08,0.31,0.24,0.08,1.726,0.279,7.4,1.18,622446,2021
Josh Rogers,26,1716,Maj-NL,Washington,6,6,2.0,2.0,,35.2,32,13,13,14,22,7,2,3.28,133,5,0,0,4,1,0,0,0,151,533,0.64,0.16,0.09,0.32,0.27,0.09,1.29,0.238,5.6,1.57,642028,2021
Trevor Rogers,23,1719,Maj-NL,Miami,25,25,7.0,8.0,,133.0,107,46,39,46,157,6,5,2.64,490,31,0,2,8,2,9,3,2,550,2169,0.66,0.16,0.14,0.42,0.27,0.05,1.15,0.307,10.6,3.41,669432,2021
Joe Ross,28,1768,Maj-NL,Washington,20,19,5.0,9.0,,108.0,98,57,50,34,109,17,8,4.17,413,17,0,4,7,2,5,2,0,460,1700,0.65,0.19,0.11,0.45,0.21,0.03,1.222,0.28,9.1,3.21,605452,2021
Joe Ryan,25,1717,Maj-AL,Minnesota,5,5,2.0,1.0,,26.2,16,12,12,5,30,4,0,4.05,95,5,0,0,1,0,2,0,1,100,412,0.7,0.17,0.12,0.28,0.23,0.06,0.788,0.197,10.1,6.0,657746,2021
Hyun Jin Ryu,34,1714,Maj-AL,Toronto,31,31,14.0,10.0,,169.0,170,85,82,37,143,24,2,4.37,658,38,3,0,15,3,1,1,1,701,2689,0.66,0.19,0.1,0.47,0.24,0.06,1.225,0.296,7.6,3.86,547943,2021
Chris Sale,32,1697,Maj-AL,Boston,12,12,5.0,2.0,,51.2,57,29,23,16,63,8,5,4.01,206,6,1,1,6,1,1,1,0,228,914,0.66,0.17,0.13,0.45,0.24,0.05,1.413,0.36,11.0,3.94,519242,2021
Adrian Sampson,29,1715,Maj-NL,Chicago,10,5,1.0,2.0,,35.1,30,15,11,8,28,8,6,2.8,130,6,0,0,7,0,1,0,0,145,554,0.63,0.13,0.09,0.45,0.23,0.04,1.075,0.234,7.1,3.5,592716,2021
Aaron Sanchez,28,1771,Maj-NL,San Francisco,9,7,1.0,1.0,,35.1,32,12,12,15,26,2,4,3.06,137,5,1,0,2,0,5,0,0,156,595,0.6,0.17,0.08,0.53,0.2,0.05,1.33,0.275,6.6,1.73,592717,2021
Cristopher Sanchez,24,1715,Maj-NL,Philadelphia,7,1,1.0,,,12.2,16,8,7,7,13,1,0,4.97,50,4,0,0,3,0,2,0,0,59,211,0.65,0.16,0.11,0.67,0.15,0.08,1.816,0.417,9.2,1.86,650911,2021
Patrick Sandoval,24,1765,Maj-AL,Los Angeles,17,14,3.0,6.0,1.0,87.0,69,38,35,36,94,11,4,3.62,321,6,2,0,9,2,0,2,0,363,1444,0.62,0.16,0.15,0.51,0.22,0.07,1.207,0.266,9.7,2.61,663776,2021
Reiver Sanmartin,25,1714,Maj-NL,Cincinnati,2,2,2.0,,,11.2,12,2,2,2,11,0,0,1.54,45,4,0,0,2,0,0,0,0,47,181,0.65,0.19,0.12,0.47,0.26,0.0,1.2,0.353,8.5,5.5,665665,2021
Ervin Santana,38,1716,Maj-AL,Kansas City,38,2,2.0,2.0,,65.1,65,35,34,22,52,9,2,4.68,251,16,2,1,6,2,2,0,1,277,1067,0.63,0.15,0.11,0.37,0.27,0.05,1.332,0.292,7.2,2.36,429722,2021
Hector Santiago,33,1782,Maj-AL,Seattle,13,1,1.0,1.0,,26.1,27,10,10,11,30,2,0,3.42,105,8,0,0,0,1,1,0,0,117,491,0.65,0.15,0.12,0.45,0.28,0.05,1.443,0.338,10.3,2.73,502327,2021
Tony Santillan,24,1715,Maj-NL,Cincinnati,26,4,1.0,3.0,,43.1,34,15,14,21,56,7,7,2.91,157,4,2,0,2,4,1,2,0,190,763,0.6,0.18,0.13,0.34,0.29,0.09,1.269,0.276,11.6,2.67,663574,2021
Max Scherzer,36,1700,Maj-NL,"Los Angeles,Washington",34,33,15.0,5.0,1.0,196.0,129,57,53,41,259,25,11,2.43,705,21,2,0,7,1,7,7,0,761,3107,0.66,0.16,0.16,0.35,0.23,0.1,0.867,0.246,11.9,6.32,453286,2021
Clarke Schmidt,25,1728,Maj-AL,New York,2,1,,,,6.1,11,8,4,5,6,1,1,5.68,31,2,0,0,1,0,1,0,0,38,143,0.64,0.15,0.08,0.62,0.19,0.0,2.526,0.417,8.5,1.2,657376,2021
Connor Seabold,25,1736,Maj-AL,Boston,1,1,,,,3.0,3,2,2,2,0,1,0,6.0,10,1,0,0,2,0,0,0,0,12,43,0.63,0.19,0.02,0.4,0.3,0.0,1.667,0.222,0.0,0.0,657756,2021
Antonio Senzatela,26,1715,Maj-NL,Colorado,28,28,4.0,10.0,,156.2,178,84,77,32,105,12,9,4.42,620,39,4,1,19,6,3,1,0,670,2405,0.64,0.16,0.09,0.52,0.24,0.04,1.34,0.326,6.0,3.28,622608,2021
Justus Sheffield,25,1722,Maj-AL,Seattle,21,15,7.0,8.0,,80.1,105,69,61,43,63,14,5,6.83,332,24,0,1,11,4,9,3,1,385,1470,0.61,0.17,0.08,0.47,0.26,0.04,1.842,0.351,7.1,1.47,656954,2021
Matt Shoemaker,34,1809,Maj-AL,Minnesota,16,11,3.0,8.0,,60.1,73,56,54,27,40,15,3,8.06,246,14,0,1,2,5,7,0,3,284,1064,0.64,0.15,0.1,0.46,0.21,0.06,1.657,0.296,6.0,1.48,533167,2021
Brady Singer,24,1719,Maj-AL,Kansas City,27,27,5.0,10.0,,128.1,146,81,70,53,131,14,11,4.91,519,21,3,1,8,3,10,4,1,586,2283,0.64,0.2,0.11,0.51,0.25,0.05,1.551,0.35,9.2,2.47,663903,2021
Tarik Skubal,24,1717,Maj-AL,Detroit,31,29,8.0,12.0,,149.1,141,76,72,47,164,35,6,4.34,576,28,0,0,6,4,5,4,4,634,2547,0.65,0.16,0.12,0.39,0.24,0.07,1.259,0.278,9.9,3.49,669373,2021
Caleb Smith,29,1715,Maj-NL,Arizona,45,13,4.0,9.0,,113.2,93,64,61,63,124,20,6,4.83,429,19,0,3,4,0,6,2,3,500,2067,0.63,0.16,0.11,0.29,0.23,0.13,1.372,0.256,9.8,1.97,592761,2021
Drew Smith,27,1765,Maj-NL,New York,31,1,3.0,1.0,,41.1,28,13,11,16,41,7,2,2.4,146,9,0,4,3,1,3,1,0,165,610,0.66,0.15,0.14,0.35,0.25,0.14,1.065,0.212,8.9,2.56,622098,2021
Riley Smith,26,1784,Maj-NL,Arizona,24,6,1.0,4.0,1.0,67.1,86,46,45,15,36,10,4,6.01,279,26,2,2,7,2,2,2,2,301,1071,0.66,0.18,0.06,0.44,0.26,0.04,1.5,0.323,4.8,2.4,642092,2021
Drew Smyly,32,1686,Maj-NL,Atlanta,32,23,12.0,4.0,,134.0,142,74,68,43,125,28,3,4.57,525,25,0,3,9,3,7,5,5,580,2266,0.66,0.16,0.12,0.41,0.25,0.07,1.381,0.304,8.4,2.91,592767,2021
Blake Snell,28,1735,Maj-NL,San Diego,27,27,7.0,6.0,,128.2,101,61,60,69,170,16,3,4.2,472,26,1,1,10,1,19,3,2,550,2344,0.61,0.16,0.13,0.42,0.24,0.05,1.321,0.296,11.9,2.46,605483,2021
Craig Stammen,37,1714,Maj-NL,San Diego,67,4,6.0,3.0,1.0,88.1,79,31,30,13,83,13,3,3.06,336,11,0,1,10,2,12,1,0,355,1308,0.65,0.18,0.11,0.56,0.17,0.04,1.042,0.273,8.5,6.38,489334,2021
Justin Steele,25,1717,Maj-NL,Chicago,20,9,4.0,4.0,,57.0,50,29,27,27,59,12,5,4.26,215,8,0,2,7,0,5,1,0,248,964,0.62,0.17,0.11,0.52,0.2,0.04,1.351,0.264,9.3,2.19,657006,2021
Kohl Stewart,26,1804,Maj-NL,Chicago,4,3,1.0,1.0,,13.2,17,12,8,6,11,2,2,5.27,55,2,0,0,3,0,0,0,0,64,237,0.57,0.16,0.08,0.53,0.24,0.07,1.683,0.357,7.2,1.83,640464,2021
Robert Stock,31,1789,Maj-NL,"Chicago,New York",3,3,,2.0,,9.0,10,8,8,9,9,3,1,8.0,35,1,0,0,2,0,1,0,0,45,168,0.57,0.17,0.11,0.42,0.27,0.08,2.111,0.304,9.0,1.0,476594,2021
Matt Strahm,29,1761,Maj-NL,San Diego,6,1,,1.0,,6.2,15,6,6,1,4,0,0,8.1,34,5,0,1,0,0,0,0,0,36,137,0.73,0.15,0.09,0.52,0.32,0.0,2.4,0.5,5.4,4.0,621381,2021
Stephen Strasburg,32,1838,Maj-NL,Washington,5,5,1.0,2.0,,21.2,16,12,11,14,21,4,1,4.57,80,3,0,2,2,0,2,0,0,95,362,0.55,0.19,0.1,0.37,0.29,0.03,1.385,0.218,8.7,1.5,544931,2021
Ross Stripling,31,1715,Maj-AL,Toronto,24,19,5.0,7.0,,101.1,99,55,54,30,94,23,2,4.8,395,21,2,0,4,3,4,2,0,431,1686,0.64,0.16,0.1,0.37,0.24,0.09,1.273,0.27,8.3,3.13,548389,2021
Marcus Stroman,30,1719,Maj-NL,New York,33,33,10.0,13.0,,179.0,161,70,60,44,158,17,7,3.02,665,23,3,2,17,8,10,7,0,730,2741,0.65,0.17,0.12,0.53,0.25,0.03,1.145,0.289,7.9,3.59,573186,2021
Jose Suarez,23,1716,Maj-AL,Los Angeles,23,14,8.0,8.0,,98.1,85,45,41,36,85,11,4,3.75,369,23,0,1,9,2,6,0,1,413,1650,0.63,0.16,0.11,0.49,0.23,0.06,1.231,0.269,7.8,2.36,660761,2021
Ranger Suarez,25,1716,Maj-NL,Philadelphia,39,12,8.0,5.0,4.0,106.0,73,20,16,33,107,4,5,1.36,376,9,1,3,13,1,2,1,2,418,1614,0.63,0.17,0.11,0.6,0.17,0.04,1.0,0.259,9.1,3.24,624133,2021
Brent Suter,31,1714,Maj-NL,Milwaukee,61,1,12.0,5.0,1.0,73.1,72,34,25,24,69,9,1,3.07,286,14,1,3,7,0,0,1,0,313,1221,0.65,0.16,0.09,0.53,0.21,0.05,1.309,0.303,8.5,2.88,608718,2021
Erik Swanson,27,1714,Maj-AL,Seattle,33,2,,3.0,1.0,35.1,28,18,13,10,35,5,1,3.31,132,4,3,1,1,1,3,1,1,144,564,0.66,0.12,0.14,0.33,0.15,0.14,1.075,0.247,8.9,3.5,657024,2021
Noah Syndergaard,28,1714,Maj-NL,New York,2,2,,1.0,,2.0,3,2,2,0,2,1,0,9.0,8,1,0,0,0,0,0,0,0,8,26,0.69,0.15,0.12,0.17,0.5,0.17,1.5,0.4,9.0,,592789,2021
Jameson Taillon,29,1714,Maj-AL,New York,29,29,8.0,6.0,,144.1,130,73,69,44,140,24,6,4.3,547,27,1,1,8,5,15,3,0,603,2372,0.66,0.15,0.12,0.34,0.22,0.11,1.206,0.273,8.7,3.18,592791,2021
Julio Teheran,30,1897,Maj-AL,Detroit,1,1,1.0,,,5.0,4,1,1,3,3,1,0,1.8,17,1,0,0,2,0,0,0,0,20,90,0.64,0.17,0.06,0.36,0.29,0.07,1.4,0.231,5.4,1.0,527054,2021
Keegan Thompson,26,1721,Maj-NL,Chicago,32,6,3.0,3.0,1.0,53.1,48,22,20,31,55,9,2,3.38,206,9,0,1,5,1,3,0,0,243,966,0.62,0.16,0.1,0.44,0.23,0.08,1.481,0.273,9.3,1.77,624522,2021
Zach Thompson,27,1714,Maj-NL,Miami,26,14,3.0,7.0,,75.0,63,35,27,28,66,6,3,3.24,278,19,2,1,6,3,2,1,2,315,1194,0.64,0.15,0.12,0.45,0.19,0.06,1.213,0.273,7.9,2.36,605507,2021
Trent Thornton,27,1735,Maj-AL,Toronto,37,3,1.0,3.0,,49.0,54,33,26,16,52,12,4,4.78,194,12,1,1,4,1,4,3,0,216,908,0.64,0.16,0.1,0.42,0.26,0.08,1.429,0.321,9.6,3.25,663423,2021
Lewis Thorpe,25,1760,Maj-AL,Minnesota,5,4,,2.0,,15.1,14,11,8,7,6,2,0,4.7,59,3,0,0,2,0,1,0,0,66,251,0.65,0.19,0.06,0.53,0.19,0.11,1.37,0.235,3.5,0.86,626929,2021
Touki Toussaint,25,1733,Maj-NL,Atlanta,11,10,3.0,3.0,,50.0,43,28,25,22,48,11,6,4.5,184,6,0,1,6,2,4,0,0,216,820,0.6,0.18,0.1,0.49,0.22,0.07,1.3,0.252,8.6,2.18,657053,2021
Spencer Turnbull,28,1835,Maj-AL,Detroit,9,9,4.0,2.0,,50.0,37,18,16,12,44,2,5,2.88,182,7,1,0,5,1,4,1,0,201,775,0.64,0.15,0.11,0.59,0.21,0.06,0.98,0.255,7.9,3.67,605513,2021
Edwin Uceta,23,1763,Maj-NL,Los Angeles,14,1,,3.0,,20.1,19,18,15,12,25,3,0,6.64,75,3,0,1,1,3,1,0,0,92,361,0.66,0.18,0.12,0.35,0.2,0.13,1.525,0.32,11.1,2.08,670955,2021
Jose Urena,29,1715,Maj-AL,Detroit,26,18,4.0,8.0,,100.2,119,70,65,42,67,14,4,5.81,408,29,2,0,10,2,5,6,0,456,1694,0.61,0.15,0.09,0.53,0.24,0.04,1.599,0.319,6.0,1.6,570632,2021
Julio Urias,24,1697,Maj-NL,Los Angeles,36,34,21.0,4.0,,200.2,168,76,70,41,210,23,7,3.14,751,36,1,4,7,4,2,3,1,810,3023,0.7,0.18,0.11,0.41,0.21,0.08,1.042,0.278,9.4,5.12,628711,2021
Jose Urquidy,26,1686,Maj-AL,Houston,23,22,10.0,4.0,,114.2,99,51,50,21,98,19,2,3.92,435,21,2,0,2,1,2,2,1,461,1770,0.69,0.16,0.12,0.34,0.25,0.1,1.047,0.251,7.7,4.67,664353,2021
Framber Valdez,27,1686,Maj-AL,Houston,27,27,12.0,7.0,,154.1,138,70,64,66,141,18,13,3.73,583,19,1,1,17,1,6,0,1,664,2415,0.61,0.18,0.11,0.7,0.17,0.01,1.322,0.282,8.2,2.14,664285,2021
Vince Velasquez,29,1717,Maj-NL,"Philadelphia,San Diego",25,21,3.0,9.0,,94.1,91,68,66,49,101,23,4,6.3,362,22,4,2,7,0,8,4,0,417,1750,0.62,0.15,0.12,0.33,0.25,0.1,1.484,0.286,9.6,2.06,592826,2021
Austin Voth,29,1715,Maj-NL,Washington,49,1,4.0,1.0,,57.1,57,35,34,28,59,10,1,5.34,214,13,0,5,5,2,1,4,0,248,1021,0.63,0.14,0.11,0.41,0.26,0.08,1.483,0.32,9.3,2.11,608723,2021
Michael Wacha,29,1709,Maj-AL,Tampa Bay,30,23,3.0,5.0,,127.1,141,79,76,31,125,24,4,5.37,504,27,1,0,11,4,5,2,1,544,2033,0.68,0.14,0.12,0.42,0.26,0.07,1.351,0.326,8.8,4.03,608379,2021
Adam Wainwright,39,1711,Maj-NL,St. Louis,33,33,17.0,7.0,,211.2,172,73,71,52,179,22,9,3.02,783,34,2,3,13,1,3,3,2,849,3163,0.65,0.22,0.08,0.49,0.25,0.05,1.058,0.257,7.6,3.44,425794,2021
Taijuan Walker,28,1718,Maj-NL,New York,30,29,7.0,11.0,,159.0,133,84,79,55,146,26,4,4.47,590,25,0,0,14,3,7,4,4,654,2549,0.65,0.19,0.1,0.43,0.22,0.07,1.182,0.254,8.3,2.65,592836,2021
Spenser Watkins,28,1715,Maj-AL,Baltimore,16,10,2.0,7.0,,54.2,74,50,49,19,35,14,2,8.07,230,17,2,0,1,3,2,2,1,255,960,0.62,0.16,0.07,0.34,0.29,0.06,1.701,0.326,5.8,1.84,657093,2021
Ryan Weathers,21,1718,Maj-NL,San Diego,30,18,4.0,7.0,1.0,94.2,101,57,56,30,72,20,3,5.32,362,19,0,1,11,1,2,1,9,401,1617,0.63,0.18,0.07,0.46,0.23,0.08,1.384,0.299,6.8,2.4,677960,2021
Luke Weaver,27,1719,Maj-NL,Arizona,13,13,3.0,6.0,,65.2,58,34,31,20,62,11,1,4.25,249,14,6,3,4,1,5,0,2,275,1109,0.67,0.16,0.11,0.39,0.27,0.05,1.188,0.266,8.5,3.1,596133,2021
Logan Webb,24,1703,Maj-NL,San Francisco,29,28,12.0,3.0,,163.0,137,54,51,37,175,9,8,2.82,598,25,2,0,20,3,11,1,2,649,2412,0.65,0.18,0.13,0.62,0.23,0.02,1.067,0.307,9.7,4.73,657277,2021
Alex Wells,24,1717,Maj-AL,Baltimore,11,8,2.0,3.0,,42.2,53,32,32,16,26,10,3,6.75,177,7,1,0,2,1,3,1,2,197,754,0.63,0.2,0.06,0.32,0.28,0.1,1.617,0.303,5.5,1.63,649144,2021
Zack Wheeler,31,1719,Maj-NL,Philadelphia,32,32,14.0,10.0,,213.1,169,72,66,46,247,16,8,2.78,785,29,3,1,10,3,4,3,2,849,3203,0.68,0.16,0.13,0.51,0.24,0.09,1.008,0.291,10.4,5.37,554430,2021
Mitch White,26,1715,Maj-NL,Los Angeles,21,4,1.0,3.0,,46.2,38,28,19,17,49,6,0,3.66,177,7,0,1,1,2,6,1,0,197,762,0.66,0.17,0.1,0.48,0.22,0.05,1.179,0.258,9.5,2.88,669952,2021
Taylor Widener,26,1714,Maj-NL,Arizona,23,13,2.0,1.0,,70.1,65,38,34,37,73,14,7,4.35,270,16,0,3,3,2,3,1,0,319,1216,0.62,0.16,0.1,0.35,0.23,0.08,1.45,0.276,9.3,1.97,642203,2021
Trevor Williams,29,1714,Maj-NL,"Chicago,New York",23,15,4.0,2.0,,91.0,105,51,44,31,90,11,3,4.35,366,25,3,0,11,1,3,2,1,405,1537,0.66,0.17,0.1,0.47,0.27,0.05,1.495,0.353,8.9,2.9,592866,2021
Bryse Wilson,23,1729,Maj-NL,"Atlanta,Pittsburgh",16,16,3.0,7.0,,74.0,85,45,44,22,46,15,1,5.35,293,18,0,3,5,4,5,1,3,322,1136,0.67,0.15,0.09,0.37,0.3,0.08,1.446,0.297,5.6,2.09,669060,2021
Nick Wittgren,30,1714,Maj-AL,Cleveland,60,1,2.0,9.0,1.0,62.1,61,38,35,17,61,13,2,5.05,234,12,1,5,6,3,1,1,0,258,1018,0.64,0.17,0.11,0.47,0.26,0.03,1.251,0.294,8.8,3.59,621295,2021
Asher Wojciechowski,32,1788,Maj-AL,New York,1,1,,,,4.0,3,2,2,3,4,1,1,4.5,15,2,0,0,0,0,0,0,0,19,83,0.58,0.17,0.07,0.18,0.27,0.09,1.5,0.2,9.0,1.33,592879,2021
Alex Wood,30,1706,Maj-NL,San Francisco,27,27,10.0,4.0,,143.1,127,63,59,41,156,14,16,3.7,544,24,3,1,12,1,1,2,0,603,2278,0.67,0.19,0.13,0.51,0.26,0.04,1.172,0.301,9.8,3.8,622072,2021
Jake Woodford,24,1714,Maj-NL,St. Louis,26,8,3.0,4.0,,67.2,66,32,30,25,50,7,8,3.99,253,11,2,0,9,7,1,2,1,293,1156,0.61,0.17,0.08,0.42,0.26,0.08,1.345,0.291,6.7,2.0,663765,2021
Brandon Woodruff,28,1705,Maj-NL,Milwaukee,32,31,9.0,11.0,,186.2,136,57,54,44,219,19,7,2.6,678,18,3,0,10,4,3,5,0,737,2913,0.68,0.17,0.13,0.44,0.27,0.07,0.964,0.264,10.6,4.98,605540,2021
Kyle Wright,25,1687,Maj-NL,Atlanta,4,2,,1.0,,12.0,12,8,8,8,12,3,4,6.0,46,2,0,2,0,1,2,0,0,60,220,0.59,0.19,0.1,0.5,0.17,0.0,1.667,0.281,9.0,1.5,657140,2021
Miguel Yajure,23,1717,Maj-NL,Pittsburgh,4,3,,2.0,,15.0,17,14,14,7,11,6,1,8.4,60,5,0,0,2,0,3,0,0,68,239,0.6,0.17,0.09,0.35,0.29,0.08,1.6,0.256,6.6,1.57,664337,2021
Jordan Yamamoto,25,1847,Maj-NL,New York,2,1,1.0,1.0,,6.2,10,6,3,2,3,0,2,4.05,29,1,0,0,0,0,1,0,0,33,111,0.66,0.17,0.06,0.31,0.38,0.08,1.8,0.385,4.1,1.5,657141,2021
Hyeon-jong Yang,33,1734,Maj-AL,Texas,12,4,,3.0,,35.1,42,24,22,16,25,9,1,5.6,142,5,1,0,6,1,0,0,0,160,592,0.64,0.14,0.09,0.43,0.25,0.07,1.642,0.303,6.4,1.56,660365,2021
Ryan Yarbrough,29,1717,Maj-AL,Tampa Bay,30,21,9.0,7.0,,155.0,163,96,88,27,117,25,9,5.11,610,37,2,2,8,3,7,3,2,653,2488,0.67,0.18,0.09,0.37,0.28,0.1,1.226,0.293,6.8,4.33,642232,2021
Huascar Ynoa,23,1705,Maj-NL,Atlanta,19,17,4.0,6.0,,92.0,78,44,43,26,102,15,4,4.21,345,20,2,1,5,2,6,1,0,378,1504,0.65,0.17,0.13,0.49,0.25,0.05,1.13,0.274,10.0,3.92,660623,2021
Alex Young,27,1735,"Maj-AL,Maj-NL","Arizona,Cleveland",40,2,2.0,6.0,,52.0,65,43,38,27,43,12,3,6.58,212,9,2,4,7,2,0,0,0,246,912,0.63,0.14,0.13,0.46,0.24,0.04,1.769,0.333,7.4,1.59,622065,2021
Angel Zerpa,21,1717,Maj-AL,Kansas City,1,1,,1.0,,5.0,3,2,0,1,4,0,0,0.0,17,1,0,0,0,1,0,0,0,20,68,0.65,0.21,0.04,0.47,0.33,0.0,0.8,0.214,7.2,4.0,672582,2021
T.J. Zeuch,25,1822,Maj-AL,Toronto,5,3,,2.0,,15.0,21,16,11,9,8,6,0,6.6,65,5,0,0,2,0,0,0,0,74,286,0.63,0.15,0.07,0.49,0.16,0.04,2.0,0.294,4.8,0.89,643615,2021
Kyle Zimmer,29,1715,Maj-AL,Kansas City,52,2,4.0,1.0,2.0,54.0,46,32,29,30,46,7,0,4.83,189,8,0,1,13,4,2,1,1,223,934,0.6,0.16,0.1,0.52,0.16,0.05,1.407,0.279,7.7,1.53,622092,2021
Bruce Zimmermann,26,1714,Maj-AL,Baltimore,14,13,4.0,5.0,,64.1,75,37,36,22,56,14,2,5.04,258,10,0,0,3,2,2,2,2,285,1105,0.63,0.17,0.11,0.41,0.27,0.08,1.508,0.321,7.8,2.55,669145,2021
